,Words,frequency
0,gt,96
1,she,348
2,made,29
3,a,671
4,big,6
5,deal,14
6,about,137
7,how,107
8,i,195
9,didnt,4
10,trust,11
11,hernot,1
12,without,23
13,damn,2
14,good,58
15,reason,30
16,to,1208
17,be,239
18,suspicious,2
19,and,790
20,start,25
21,asking,15
22,questions,3
23,said,28
24,it,341
25,was,163
26,for,381
27,girlfriend,8
28,of,702
29,hersdid,1
30,even,65
31,identify,1
32,which,9
33,friend,25
34,or,167
35,is,376
36,this,176
37,one,116
38,those,35
39,generic,1
40,friends,28
41,that,782
42,are,164
43,handy,1
44,deflecting,1
45,during,10
46,an,117
47,argument,9
48,because,103
49,thought,15
50,looked,7
51,goodbecause,1
52,wants,18
53,look,21
54,you,1089
55,right,45
56,so,109
57,why,45
58,important,15
59,her,425
60,point,34
61,out,176
62,wasn't,20
63,any,64
64,prompting,1
65,from,118
66,couldn't,14
67,abide,1
68,the,1077
69,idea,9
70,thinking,8
71,sent,6
72,nude,1
73,pic,1
74,your,545
75,own,51
76,enjoyment,1
77,if,282
78,were,57
79,id,3
80,worried,4
81,losing,5
82,meand,1
83,real,13
84,whole,23
85,thing,66
86,comes,6
87,but,146
88,with,377
89,spin,2
90,she's,114
91,now,32
92,put,17
93,on,265
94,making,34
95,fault,2
96,all,105
97,pain,12
98,cause,7
99,going,127
100,screw,2
101,around,28
102,blame,7
103,yourself,32
104,just,140
105,like,119
106,already,21
107,does,34
108,no,89
109,you're,112
110,not,306
111,asshole,46
112,here,22
113,gf,14
114,times,14
115,then,36
116,some,82
117,totally,3
118,laid,5
119,conditions,6
120,they,187
121,ok,5
122,violated,1
123,time,93
124,contest,3
125,before,34
126,come,20
127,onto,1
128,property,2
129,into,70
130,house,19
131,after,39
132,get,118
133,caught,5
134,pull,4
135,stops,2
136,roll,1
137,rationalizations,1
138,kinds,6
139,attempts,2
140,invalidate,1
141,concerns,3
142,blaming,6
143,their,138
144,breaking,11
145,rules,7
146,agreed,6
147,picked,4
148,up,141
149,when,105
150,only,57
151,as,120
152,weren't,8
153,at,116
154,least,24
155,halfway,2
156,there,69
157,them,166
158,constantly,9
159,smoking,1
160,probably,17
161,getting,54
162,half,14
163,pack,1
164,day,25
165,secondhand,1
166,smoke,4
167,suggest,4
168,bad,35
169,since,21
170,had,65
171,presence,4
172,mind,14
173,step,5
174,outside,4
175,that's,62
176,enabling,4
177,shouldn't,18
178,do,111
179,have,223
180,ask,16
181,him,188
182,soon,8
183,show,7
184,messages,4
185,his,228
186,very,36
187,he,268
188,should,58
189,done,30
190,call,16
191,person,47
192,say,27
193,something,76
194,along,11
195,lines,4
196,message,3
197,love,8
198,carrying,2
199,my,65
200,child,29
201,threaten,1
202,both,33
203,lives,11
204,apology,7
205,can,75
206,make,89
207,i'm,50
208,don't,117
209,ever,26
210,contact,9
211,me,56
212,family,50
213,again,23
214,in,409
215,bf's,1
216,place,19
217,would,108
218,been,66
219,physical,2
220,confrontation,2
221,likely,20
222,violence,3
223,ensued,1
224,fact,7
225,he's,85
226,prodding,1
227,taking,36
228,action,2
229,approaches,1
230,absolute,1
231,minimum,2
232,warranted,2
233,things,46
234,nor,7
235,bode,1
236,well,32
237,future,7
238,relationship,58
239,life,57
240,literally,6
241,danger,2
242,what,158
243,doing,66
244,prefer,2
245,saunter,1
246,over,59
247,excuse,6
248,did,56
249,electrocuted,1
250,set,9
251,ablaze,1
252,consider,9
253,alternative,2
254,approach,5
255,situation,15
256,demanded,1
257,level,13
258,response,11
259,concern,4
260,safety,7
261,guy,35
262,designed,2
263,prongs,1
264,break,8
265,off,39
266,socket,1
267,easily,1
268,more,74
269,concerned,3
270,functionality,1
271,durability,1
272,than,76
273,looking,14
274,pretty,20
275,comments,4
276,apple's,1
277,designs,1
278,never,32
279,taken,2
280,spot,3
281,where,27
282,need,52
283,help,23
284,there's,49
285,two,22
286,people,136
287,pointing,2
288,steps,4
289,leading,2
290,inadvisable,1
291,doesn't,55
292,necessarily,2
293,continue,6
294,repeat,2
295,exact,2
296,got,51
297,difficult,7
298,demanding,10
299,who,42
300,started,2
301,helping,6
302,also,31
303,efforts,3
304,supreme,1
305,territory,2
306,wonder,1
307,douche,1
308,husband,25
309,went,17
310,quiverfull,2
311,movement,2
312,understands,2
313,each,13
314,putting,16
315,wife's,5
316,stake,1
317,aware,4
318,hardship,1
319,through,25
320,support,22
321,repeating,3
322,same,33
323,worse,15
324,obviously,11
325,wife,31
326,team,1
327,suited,1
328,other,62
329,astronomical,1
330,levels,1
331,self,7
332,centeredness,1
333,importance,1
334,neither,8
335,stop,26
336,destructive,2
337,behaviors,4
338,starting,3
339,towards,8
340,environment,3
341,unless,4
342,consequences,21
343,grow,5
344,really,94
345,question,5
346,whether,9
347,it's,138
348,worth,6
349,keep,45
350,world,14
351,record,6
352,children,7
353,born,3
354,mother,4
355,kids,52
356,births,1
357,lots,4
358,twins,2
359,know,64
360,try,15
361,having,47
362,makes,27
363,feel,27
364,high,10
365,percentage,1
366,go,44
367,military,7
368,serious,6
369,issues,12
370,gives,6
371,results,3
372,many,9
373,cases,1
374,surviving,1
375,goes,10
376,war,3
377,better,32
378,killed,7
379,reasons,5
380,veterans,1
381,less,20
382,population,6
383,yet,9
384,homeless,3
385,being,103
386,abuse,6
387,isn't,36
388,tolerate,1
389,places,3
390,won't,14
391,argue,3
392,actually,22
393,told,28
394,fill,2
395,send,5
396,inthengt,1
397,back,44
398,next,12
399,dayyou,1
400,responded,1
401,by,81
402,i'd,8
403,hiring,2
404,otherwise,4
405,defeating,1
406,purpose,4
407,process,3
408,will,58
409,work,28
410,can't,39
411,began,2
412,dangling,2
413,possible,12
414,loss,3
415,business,10
416,head,16
417,trying,46
418,reverse,2
419,power,3
420,dynamic,3
421,employer,2
422,employee,2
423,kind,34
424,behavior,63
425,think,48
426,result,7
427,treated,6
428,way,73
429,example,2
430,oh,2
431,home,26
432,today,5
433,wait,3
434,give,20
435,text,5
436,see,39
437,bring,6
438,asks,3
439,claim,3
440,left,14
441,definitely,6
442,you'll,5
443,screwed,1
444,concludes,1
445,cheating,22
446,bit,17
447,parents,23
448,wanted,11
449,end,20
450,schoolthat,1
451,turns,1
452,doubt,4
453,assholes,10
454,pressure,8
455,has,70
456,lot,30
457,damage,8
458,benefit,5
459,could,57
460,guidance,1
461,relationships,10
462,ready,4
463,shitty,8
464,timetable,1
465,moment,9
466,crush,1
467,someone,77
468,disgusting,2
469,monster,1
470,everyone,26
471,sociopath,3
472,loved,2
473,nothing,30
474,wrong,25
475,treating,14
476,worst,6
477,case,8
478,scenarios,2
479,true,3
480,yelled,1
481,feelings,29
482,decide,7
483,likewise,3
484,every,20
485,return,6
486,reacted,1
487,confession,1
488,poorly,7
489,fourth,2
490,rejected,2
491,intercomnearly,1
492,school,7
493,another,14
494,seem,6
495,career,1
496,let,27
497,knowing,6
498,few,11
499,class,3
500,define,1
501,defines,1
502,incels,2
503,marked,1
504,owed,2
505,members,5
506,opposite,6
507,gender,5
508,fixate,1
509,alienate,2
510,anyone,22
511,might,35
512,developed,1
513,tend,2
514,terms,4
515,statistics,2
516,want,66
517,avoid,6
518,treat,15
519,pay,14
520,attention,5
521,dictate,2
522,manner,8
523,demeaning,4
524,while,35
525,they're,29
526,sex,11
527,else,29
528,hanging,6
529,best,26
530,puts,5
531,frame,4
532,belittle,2
533,undermine,1
534,find,16
535,weird,2
536,fine,10
537,tuned,1
538,react,2
539,desperate,2
540,rather,14
541,seeking,3
542,romantic,1
543,hit,2
544,building,1
545,friendship,8
546,learn,12
547,comfortable,6
548,talking,8
549,you've,21
550,skills,1
551,improve,7
552,tldr,1
553,much,40
554,surrounded,1
555,number,5
556,chunk,2
557,fish,1
558,supermarket,2
559,salmon,1
560,pets,5
561,emotional,9
562,attachment,1
563,equivalent,1
564,slaughtering,1
565,cat,3
566,feeding,3
567,dog,13
568,fuck,21
569,person's,2
570,starts,8
571,killing,2
572,animals,2
573,none,7
574,fucking,13
575,belonged,1
576,housemate,2
577,gets,16
578,appropriate,10
579,stuff,31
580,explain,11
581,guests,5
582,touching,1
583,gorefriend,1
584,explicitly,6
585,tell,30
586,hands,6
587,anything,50
588,belongs,2
589,until,23
590,offers,3
591,heartfelt,4
592,replaces,1
593,pet,5
594,murdered,1
595,tiny,7
596,shit,17
597,single,9
598,learns,2
599,boundaries,5
600,you'd,21
601,didn't,49
602,freak,1
603,depends,1
604,leased,1
605,under,13
606,seat,5
607,absolutely,15
608,zero,8
609,sitting,11
610,smart,1
611,teach,4
612,younger,2
613,generation,1
614,lesson,6
615,lt,1
616,yta,11
617,use,12
618,woman,3
619,vs,1
620,women,6
621,such,17
622,large,3
623,long,12
624,term,3
625,responsibility,7
626,problematic,1
627,turning,5
628,between,6
629,adults,2
630,themselves,7
631,quite,5
632,small,10
633,apartment,4
634,enough,12
635,strain,1
636,ought,9
637,bigger,7
638,meantime,2
639,spend,13
640,visiting,1
641,dogs,1
642,exposure,1
643,fun,5
644,chance,14
645,fear,9
646,evaporate,1
647,nta,116
648,looks,15
649,shady,2
650,waits,1
651,still,34
652,ex,22
653,most,28
654,recent,2
655,further,4
656,gtshe,2
657,hung,2
658,saying,9
659,needed,11
660,followed,1
661,texted,1
662,later,10
663,company,11
664,sounds,10
665,teenager,3
666,cover,4
667,via,2
668,instead,16
669,calling,9
670,hear,2
671,what's,12
672,voice,1
673,background,1
674,room,16
675,little,32
676,found,14
677,sign,5
678,cut,8
679,contactthey,1
680,evaporated,1
681,sudden,2
682,angry,2
683,away,22
684,quickly,1
685,guy's,4
686,jealous,1
687,obvious,13
688,stays,1
689,close,9
690,plan,3
691,regardless,14
692,initiated,1
693,sit,5
694,down,28
695,projects,1
696,appearance,5
697,she'd,14
698,seems,6
699,exclusive,2
700,previous,5
701,esh,4
702,buddy,1
703,likes,2
704,brag,2
705,remain,5
706,hidden,1
707,incredibly,2
708,stupid,6
709,practically,1
710,guarantees,3
711,sooner,2
712,doubly,2
713,accessory,2
714,tells,6
715,expects,1
716,secret,2
717,remember,4
718,old,10
719,john,1
720,stuart,1
721,mill,1
722,quote,2
723,men,7
724,compass,1
725,ends,4
726,triply,1
727,low,4
728,road,3
729,public,8
730,front,15
731,certain,6
732,nuclear,3
733,option,9
734,dirt,1
735,pushing,2
736,buttons,1
737,secretary's,1
738,married,19
739,board,1
740,fooling,1
741,first,15
742,past,5
743,telling,16
744,bragging,1
745,stay,9
746,treats,5
747,supposed,7
748,care,25
749,second,7
750,mitigation,1
751,based,6
752,anywhere,2
753,near,3
754,subject,1
755,arguing,3
756,blows,1
757,lose,6
758,control,17
759,leaving,11
760,used,8
761,asked,10
762,nicely,1
763,abdicate,1
764,parental,2
765,grand,2
766,responsibilities,2
767,respect,14
768,wouldn't,28
769,line,4
770,respond,5
771,spanking,1
772,inappropriate,6
773,ntawhat,1
774,rest,11
775,happy,15
776,longing,1
777,longs,1
778,eventually,7
779,former,3
780,miserable,2
781,due,4
782,tie,1
783,doped,1
784,ten,2
785,years,18
786,anymore,2
787,marrying,4
788,popping,1
789,kid,18
790,owe,2
791,balance,2
792,gotten,1
793,relevant,2
794,insight,1
795,hurting,3
796,minimizing,1
797,ending,5
798,flaw,2
799,recognizing,2
800,puzzle,3
801,pieces,4
802,match,3
803,let's,2
804,grandfather,1
805,writing,1
806,racist,4
807,written,1
808,share,6
809,split,1
810,among,1
811,remaining,3
812,we,22
813,they'd,8
814,donate,3
815,huge,9
816,trump's,1
817,legal,8
818,defense,3
819,fund,3
820,rick,1
821,santorum,1
822,kkk,1
823,sure,29
824,money,33
825,works,4
826,usb,3
827,drive,7
828,our,12
829,tv,2
830,stand,8
831,hide,3
832,unmarked,1
833,communal,1
834,area,3
835,especially,13
836,full,9
837,incriminating,1
838,documentation,1
839,marks,1
840,washed,1
841,months,11
842,ago,2
843,gave,9
844,verify,2
845,year,15
846,living,14
847,space,3
848,answer,5
849,using,3
850,mementos,2
851,regret,3
852,revisit,1
853,reminisce,1
854,met,5
855,himi,1
856,clear,9
857,proof,4
858,nudes,3
859,dirty,2
860,chat,3
861,earlier,3
862,lying,19
863,cannot,8
864,snooping,2
865,planning,6
866,able,18
867,trustworthy,1
868,cheated,3
869,bf,8
870,ended,6
871,appears,2
872,side,14
873,needs,20
874,thrill,1
875,fulfilled,2
876,marry,3
877,sort,13
878,memo,1
879,fields,1
880,squirrel,1
881,massage,1
882,muskrat,1
883,shampooing,1
884,check,2
885,paying,14
886,rude,6
887,creepy,2
888,continuing,2
889,knock,3
890,noises,1
891,scream,1
892,top,7
893,lungs,1
894,runs,2
895,minds,1
896,ntaoh,1
897,yes,10
898,mean,21
899,upset,9
900,available,2
901,accepting,5
902,gifts,1
903,implied,1
904,understanding,4
905,advances,3
906,propositions,1
907,guys,22
908,take,44
909,rejection,2
910,risking,1
911,yours,13
912,sor,1
913,others,15
914,reaction,10
915,ability,8
916,resist,2
917,temptation,2
918,somehow,3
919,formidable,1
920,hers,4
921,wearing,9
922,ring,14
923,club,2
924,accept,4
925,drinks,11
926,buying,5
927,clean,6
928,untoward,1
929,pall,1
930,donkey,1
931,dick,1
932,doug,1
933,everything,5
934,increase,3
935,chances,4
936,raise,2
937,promotion,1
938,boss,4
939,lady,2
940,whatever,5
941,deceptive,1
942,ignore,1
943,simple,3
944,fraud,1
945,theft,6
946,copacetic,1
947,exhibits,1
948,character,6
949,trait,2
950,spouses,1
951,qualities,1
952,partners,1
953,yeah,7
954,bank,3
955,account,3
956,benefits,2
957,added,1
958,risks,4
959,hopefully,2
960,often,6
961,strangers,4
962,odds,3
963,ripping,2
964,expect,8
965,context,3
966,perhaps,8
967,post,9
968,raskwomen,1
969,policy,2
970,free,15
971,clubs,8
972,ethically,1
973,morally,1
974,bankrupt,1
975,xanax,1
976,drugs,4
977,girl,4
978,buy,9
979,drink,13
980,naive,1
981,girls,2
982,conversation,14
983,overwhelming,1
984,majority,4
985,goal,1
986,wedding,16
987,affecting,2
988,ladies',1
989,nights,2
990,dancing,2
991,allowed,2
992,talk,12
993,peoplei,1
994,disagree,3
995,slightest,2
996,hey,1
997,affect,3
998,brought,2
999,doesnt,2
1000,im,3
1001,obligation,3
1002,change,14
1003,whichever,1
1004,deception,1
1005,allowing,2
1006,believe,5
1007,far,6
1008,greater,2
1009,offense,2
1010,scheme,1
1011,shittiness,1
1012,jaywalking,1
1013,murder,1
1014,akin,1
1015,parking,3
1016,handicapped,1
1017,placard,1
1018,damages,2
1019,defrauded,1
1020,size,2
1021,i'll,5
1022,admit,3
1023,inadvertently,1
1024,overemphasizing,1
1025,occurring,1
1026,flatly,1
1027,these,22
1028,prevalent,1
1029,sphincter,1
1030,personality,2
1031,disorderincels,1
1032,exist,1
1033,safe,12
1034,harm,1
1035,stalkers,1
1036,immediately,5
1037,acquiescing,1
1038,else's,6
1039,viewpoint,1
1040,limits,1
1041,besides,3
1042,yourselves,1
1043,flirting,2
1044,stringing,1
1045,agree,5
1046,deliberately,1
1047,indicating,1
1048,andor,3
1049,string,1
1050,ice,2
1051,opener,1
1052,words,7
1053,progress,4
1054,date,10
1055,difference,3
1056,i've,12
1057,known,4
1058,several,7
1059,wear,3
1060,rings,4
1061,finger,4
1062,discourage,1
1063,unwanted,2
1064,friendly,3
1065,direction,4
1066,disrespectful,1
1067,reading,2
1068,thread,2
1069,knows,8
1070,almost,5
1071,cash,8
1072,alcohol,8
1073,costs,3
1074,per,1
1075,liter,2
1076,gasoline,2
1077,its,8
1078,nature,2
1079,deceiving,5
1080,sake,3
1081,profit,1
1082,wallet,2
1083,loses,1
1084,gain,2
1085,converted,1
1086,nice,5
1087,soul,1
1088,mate,1
1089,search,2
1090,picture,3
1091,inclined,2
1092,ultimate,1
1093,gatekeeper,1
1094,consume,1
1095,night,11
1096,order,11
1097,lownon,1
1098,alcoholic,1
1099,bothers,1
1100,gamble,1
1101,handle,3
1102,playing,1
1103,interaction,1
1104,intentionally,1
1105,giving,13
1106,moral,1
1107,ground,1
1108,victim,3
1109,solution,3
1110,behaving,4
1111,ish,2
1112,desserts,1
1113,unintended,1
1114,victims,2
1115,post's,1
1116,op,5
1117,feels,7
1118,insulted,1
1119,suspects,1
1120,understand,12
1121,minutia,1
1122,picking,3
1123,loathe,1
1124,haven't,7
1125,foot,7
1126,may,16
1127,couldwould,1
1128,rightly,1
1129,personal,8
1130,observations,1
1131,televisionmovies,1
1132,read,2
1133,commentsposts,1
1134,reddit,2
1135,horse,2
1136,race,2
1137,encounter,1
1138,situations,3
1139,effort,5
1140,empathy,3
1141,honesty,1
1142,civility,1
1143,thank,2
1144,engaging,1
1145,discussion,10
1146,enjoyed,2
1147,organize,1
1148,thoughts,3
1149,topic,5
1150,calm,3
1151,dude,1
1152,sorry,4
1153,screaming,5
1154,tonight,1
1155,ethical,2
1156,spent,5
1157,distressing,1
1158,finds,1
1159,unintentionally,1
1160,cheat,3
1161,security,1
1162,buys,1
1163,obligated,1
1164,provide,2
1165,run,7
1166,lied,4
1167,issue,9
1168,beforehand,3
1169,common,3
1170,countries,2
1171,considering,6
1172,took,12
1173,targeting,1
1174,aggrieved,2
1175,party,11
1176,guarantee,3
1177,examine,1
1178,thanks,3
1179,threads,1
1180,confused,1
1181,clears,1
1182,appear,3
1183,qualms,1
1184,folks,9
1185,financial,3
1186,please,4
1187,realized,1
1188,add,1
1189,hope,9
1190,comment,9
1191,decipher,1
1192,exactly,15
1193,means,15
1194,decades,3
1195,bought,5
1196,metaphorically,1
1197,speaking,2
1198,happens,5
1199,honest,6
1200,forget,2
1201,morning,3
1202,mislead,1
1203,specifically,4
1204,removing,2
1205,normally,1
1206,advocating,1
1207,behalf,1
1208,begin,1
1209,myself,1
1210,extended,2
1211,tried,4
1212,purchase,1
1213,liquor,2
1214,pants,1
1215,points,3
1216,expense,3
1217,unethical,2
1218,jane,2
1219,marriedperson,2
1220,purposely,1
1221,wasting,2
1222,version,1
1223,assume,5
1224,insulting,1
1225,proper,2
1226,names,3
1227,taught,3
1228,derogatory,1
1229,win,4
1230,offensive,1
1231,reconsider,1
1232,viewpoints,1
1233,tirade,1
1234,promised,3
1235,contract,1
1236,promise,3
1237,decided,4
1238,biting,1
1239,hand,6
1240,despite,6
1241,party's,1
1242,mantra,1
1243,arbitrarily,1
1244,condition,11
1245,choosing,1
1246,meet,3
1247,suggests,4
1248,considers,2
1249,views,2
1250,adopted,2
1251,siblings,3
1252,hate,5
1253,filled,3
1254,outlook,1
1255,moderate,2
1256,insults,1
1257,name,4
1258,tolerated,1
1259,interactions,2
1260,ifwhen,1
1261,announce,3
1262,acceptable,4
1263,visit,3
1264,minute,1
1265,he'll,10
1266,either,15
1267,outgrows,1
1268,distance,2
1269,himself,10
1270,masturbating,1
1271,ideological,1
1272,fantasies,1
1273,adult,14
1274,vary,1
1275,withdraw,1
1276,accordance,1
1277,am,5
1278,slightly,2
1279,stunned,1
1280,chose,4
1281,mike,2
1282,irl,1
1283,bil,4
1284,similar,1
1285,disorder,2
1286,',1
1287,election,1
1288,ranting,2
1289,voting,1
1290,candidate,2
1291,president,1
1292,rifle,1
1293,convincing,2
1294,vote,3
1295,shooting,2
1296,ones,4
1297,luckily,1
1298,he'd,15
1299,rants,1
1300,fist,1
1301,fights,1
1302,color,4
1303,filling,1
1304,tank,1
1305,gas,1
1306,station,1
1307,pulled,2
1308,gun,2
1309,father,6
1310,disagreeing,1
1311,mexicans,1
1312,ruining,3
1313,towing,1
1314,industry,1
1315,plotting,1
1316,white,1
1317,field,2
1318,violent,3
1319,outbursts,2
1320,pointed,2
1321,constructive,1
1322,ways,5
1323,convince,3
1324,cps,2
1325,filed,2
1326,restraining,2
1327,neighbor,1
1328,dropped,3
1329,dime,1
1330,salvageable,1
1331,knew,18
1332,ntagt,9
1333,lists,1
1334,intended,2
1335,private,4
1336,serving,1
1337,essentially,2
1338,notes,1
1339,subsequent,1
1340,meeting,1
1341,overstepping,1
1342,violating,1
1343,privacy,5
1344,extremely,5
1345,list,2
1346,anyway,3
1347,worked,4
1348,harder,4
1349,herself,10
1350,minutes,6
1351,job,22
1352,spending,7
1353,learning,2
1354,function,1
1355,conventional,1
1356,lets,3
1357,except,2
1358,normal,3
1359,caregivers,1
1360,secrets,1
1361,warrant,2
1362,becoming,2
1363,accusing,1
1364,guilty,2
1365,insecure,2
1366,truth,5
1367,once,10
1368,fixating,1
1369,sister's,3
1370,became,3
1371,stopped,3
1372,coffee,5
1373,trip,4
1374,suddenly,4
1375,sleeping,7
1376,barista,2
1377,market,1
1378,minivan,1
1379,watching,5
1380,prognosis,1
1381,tbh,2
1382,broadcast,1
1383,remind,3
1384,working,10
1385,awfully,1
1386,hard,9
1387,derive,1
1388,meanings,1
1389,wrote,1
1390,dispel,2
1391,misapprehensions,1
1392,entitled,4
1393,misogynist,1
1394,patriarchy,1
1395,responding,1
1396,bonds,1
1397,overcome,2
1398,preservation,1
1399,toxic,4
1400,decade,3
1401,atone,1
1402,mend,1
1403,approaching,2
1404,genuine,1
1405,fixed,1
1406,broken,10
1407,she'll,10
1408,initiate,1
1409,sibling,2
1410,hug,2
1411,unpleasant,1
1412,firewood,1
1413,stoke,1
1414,fire,3
1415,simmering,1
1416,bucket,3
1417,spite,1
1418,heal,2
1419,sees,7
1420,wounds,2
1421,caused,6
1422,mistreating,2
1423,scabs,1
1424,injuries,2
1425,female,1
1426,heat,1
1427,yard,4
1428,baiting,1
1429,neighbors,3
1430,shoot,1
1431,junkies,1
1432,leave,13
1433,heaping,1
1434,plates,1
1435,crack,1
1436,random,5
1437,wildlife,1
1438,great,4
1439,accidentally,1
1440,kill,2
1441,injure,1
1442,prison,5
1443,sociopaths,1
1444,snapped,1
1445,skin,3
1446,buddies,1
1447,hardware,1
1448,store,5
1449,crappy,1
1450,conflict,2
1451,resolution,1
1452,ex's,3
1453,bar,3
1454,hammered,1
1455,opium,1
1456,den,1
1457,reasonably,1
1458,pit,1
1459,fighting,1
1460,cuts,1
1461,bruises,1
1462,sister,21
1463,possibly,11
1464,suggesting,4
1465,repay,4
1466,stole,3
1467,backsies,1
1468,precious,1
1469,eggs,2
1470,watch,4
1471,poured,1
1472,bleach,1
1473,ugly,2
1474,temerity,1
1475,inconvenient,1
1476,thinks,8
1477,comparable,1
1478,appeal,1
1479,imagine,4
1480,slights,1
1481,everyday,2
1482,occurrences,1
1483,validate,4
1484,overreacting,2
1485,delusion,3
1486,pregnancy,7
1487,entered,1
1488,third,5
1489,clinging,1
1490,handing,1
1491,midwives,1
1492,feed,2
1493,flowing,2
1494,con,1
1495,artists,1
1496,always,12
1497,prices,2
1498,progresses,1
1499,payment,2
1500,baby's,1
1501,chakras,1
1502,realigned,1
1503,auras,1
1504,collimated,1
1505,finally,3
1506,deliver,1
1507,baby,2
1508,pregnancies,1
1509,reach,2
1510,yearsthe,1
1511,world's,2
1512,longest,1
1513,days,3
1514,multiple,5
1515,beaten,2
1516,heard,2
1517,expand,1
1518,general,4
1519,include,5
1520,medical,8
1521,professionals,1
1522,opinion,3
1523,non,8
1524,professional,6
1525,variation,1
1526,anosognosiahttpsen,1
1527,wikipedia,2
1528,orgwikianosognosia,1
1529,strokes,1
1530,entire,5
1531,limb,1
1532,completely,6
1533,paralyzed,1
1534,persistent,1
1535,belief,2
1536,arm,2
1537,they'll,6
1538,waving,1
1539,face,9
1540,limply,1
1541,wondering,2
1542,doctor,6
1543,we're,6
1544,seeing,9
1545,induce,2
1546,reached,3
1547,n,2
1548,parts,4
1549,lie,3
1550,conception,2
1551,various,2
1552,discrepancy,2
1553,save,4
1554,research,2
1555,beyond,8
1556,length,2
1557,gestation,2
1558,fairly,2
1559,eaten,1
1560,hamster,1
1561,ntait's,1
1562,enablers,1
1563,matter,4
1564,sil,3
1565,overdose,1
1566,manage,1
1567,addiction,1
1568,philip,1
1569,seymour,1
1570,hoffman,1
1571,daughter,13
1572,leaves,4
1573,pile,1
1574,heroin,2
1575,human,13
1576,arrangements,2
1577,favor,5
1578,loads,1
1579,passed,2
1580,arrive,2
1581,kept,6
1582,custody,5
1583,niece,1
1584,dead,7
1585,hooked,1
1586,reaches,1
1587,fianc,2
1588,senses,1
1589,crawling,1
1590,cave,1
1591,exhibited,1
1592,scenario,2
1593,blew,2
1594,car,16
1595,repairs,2
1596,saving,3
1597,vacation,5
1598,owes,3
1599,week,8
1600,repairsmaintenance,1
1601,hitting,4
1602,fix,9
1603,misery,1
1604,loaning,1
1605,monetary,1
1606,shortcomings,1
1607,learned,4
1608,management,1
1609,part,24
1610,drops,1
1611,essential,1
1612,impulse,1
1613,borrow,3
1614,dad,9
1615,whining,1
1616,partial,1
1617,resource,2
1618,cars,3
1619,lethal,1
1620,weapons,1
1621,rule,2
1622,driver,2
1623,operation,1
1624,ticket,4
1625,passenger,2
1626,street,5
1627,behind,2
1628,wheel,1
1629,bears,1
1630,greatest,1
1631,event,2
1632,mishaps,1
1633,guessing,3
1634,refuse,3
1635,speed,2
1636,camera,1
1637,new,10
1638,transmission,2
1639,shove,1
1640,gear,1
1641,clutch,1
1642,teeth,2
1643,funny,3
1644,price,2
1645,joke,2
1646,jokes,2
1647,immature,1
1648,bitch,4
1649,deserve,1
1650,patience,1
1651,showing,2
1652,mental,2
1653,health,6
1654,responsible,5
1655,lazy,1
1656,sleepingthat,1
1657,raging,1
1658,disrespect,4
1659,rent,10
1660,expenses,2
1661,household,4
1662,chores,1
1663,aren't,13
1664,address,7
1665,conveniently,1
1666,glossing,1
1667,hell,2
1668,breakfast,1
1669,fetal,1
1670,syndrome,1
1671,addicted,1
1672,riddled,1
1673,developmental,1
1674,deformities,1
1675,unheated,1
1676,infested,1
1677,carnivorous,1
1678,insects,1
1679,neglectful,1
1680,sell,1
1681,exchange,1
1682,die,2
1683,neglect,2
1684,teen,1
1685,waiting,1
1686,abortion,1
1687,kindest,2
1688,short,4
1689,early,2
1690,miscarriage,1
1691,creating,5
1692,torture,3
1693,death,2
1694,mom,21
1695,super,1
1696,grandma,1
1697,powers,1
1698,diagnosis,2
1699,description,3
1700,itwas,1
1701,feeling,9
1702,thats,1
1703,generally,2
1704,minor,2
1705,annoyance,4
1706,evergt,1
1707,tokophobia,1
1708,thatll,1
1709,anxiety,2
1710,ahead,4
1711,twice,2
1712,five,1
1713,emphatically,1
1714,label,1
1715,peoples,1
1716,significant,2
1717,rapists,2
1718,havent,1
1719,sowhy,1
1720,resistant,1
1721,definition,3
1722,rape,3
1723,absence,1
1724,trauma,4
1725,perception,1
1726,thoroughly,2
1727,proves,2
1728,sterile,1
1729,amphibian,1
1730,spelling,1
1731,sicilian,1
1732,sick,2
1733,pathogen,1
1734,machine,1
1735,facilities,2
1736,require,2
1737,diarrhea,1
1738,hours,8
1739,they've,6
1740,exposed,2
1741,infection,1
1742,irresponsible,4
1743,expose,2
1744,unsupervised,1
1745,floating,1
1746,pool,3
1747,delivered,1
1748,triplets,1
1749,wake,1
1750,throughout,1
1751,witness,2
1752,ron,1
1753,advantage,5
1754,cosby'd,1
1755,state,3
1756,experience,4
1757,drinking,2
1758,previously,4
1759,indicated,1
1760,story,3
1761,cooperation,1
1762,convinced,3
1763,special,7
1764,cancel,1
1765,older,3
1766,pedo,1
1767,bastards,1
1768,grooming,1
1769,gaslighting,1
1770,specific,2
1771,arranged,1
1772,nebulous,1
1773,it'd,1
1774,understandable,2
1775,planned,1
1776,paid,3
1777,insisting,2
1778,keeping,8
1779,score,1
1780,brother,9
1781,inheritance,1
1782,too,12
1783,harsh,2
1784,sf,1
1785,piece,2
1786,truly,3
1787,dedicated,2
1788,evil,1
1789,nah,10
1790,fit,3
1791,together,6
1792,pass,3
1793,opportunity,4
1794,reflect,2
1795,changed,3
1796,move,17
1797,pointthat's,1
1798,backs,1
1799,repeats,1
1800,wordsactions,1
1801,objects,1
1802,saysdoes,1
1803,exposing,1
1804,abusive,2
1805,agency,1
1806,issuesfailings,1
1807,mormon,1
1808,churchi,1
1809,church,2
1810,singular,1
1811,glad,2
1812,helped,1
1813,cult,3
1814,aggressive,2
1815,isolating,1
1816,alienating,1
1817,anyoneeveryone,1
1818,bs,1
1819,ear,1
1820,anaheim,1
1821,welcome,1
1822,luck,2
1823,onehttpswww,1
1824,redditcomramitheassholecommentsaurwiaita,1
1825,cleaning,1
1826,bfs,1
1827,bedroom,2
1828,woke,1
1829,fat,3
1830,aisle,2
1831,overspill,1
1832,land,1
1833,poor,5
1834,sap,1
1835,mitigated,1
1836,letting,9
1837,suffer,1
1838,problem,15
1839,consequence,2
1840,allow,6
1841,pressured,1
1842,proposing,1
1843,preferences,1
1844,dishonest,1
1845,desires,2
1846,aspect,1
1847,act,4
1848,cares,1
1849,forabout,1
1850,respects,1
1851,value,5
1852,motivated,1
1853,suspicion,2
1854,faking,1
1855,interest,1
1856,satisfaction,2
1857,participation,1
1858,toys,2
1859,pleasure,1
1860,rug,1
1861,connection,4
1862,felt,3
1863,invalidated,1
1864,prospect,1
1865,satisfied,2
1866,staying,3
1867,deeply,1
1868,dissatisfied,1
1869,inviting,1
1870,parties,4
1871,actual,9
1872,destroy,5
1873,receiving,2
1874,bully's,1
1875,rampage,1
1876,sending,7
1877,invitations,3
1878,dont,2
1879,invite,2
1880,cost,5
1881,friendships,1
1882,hasn't,5
1883,invited,3
1884,kids',8
1885,attend,2
1886,behaved,1
1887,reign,1
1888,abject,1
1889,failure,1
1890,parenting,3
1891,takes,5
1892,expound,1
1893,loyal,2
1894,guest,1
1895,came,6
1896,begging,2
1897,vice,1
1898,versa,1
1899,culture,6
1900,outweigh,1
1901,intrude,2
1902,conduct,2
1903,parent,8
1904,straight,6
1905,speak,2
1906,offend,1
1907,phrase,4
1908,dare,1
1909,interact,1
1910,ancient,1
1911,firmly,1
1912,rooted,1
1913,man,6
1914,charge,1
1915,monty,1
1916,python,1
1917,holy,1
1918,grail,1
1919,educated,1
1920,understood,2
1921,movie,1
1922,ass,5
1923,eshgt,1
1924,aita,1
1925,girlfriendthat's,1
1926,determines,1
1927,absolve,1
1928,methat,1
1929,tah,3
1930,decision,6
1931,escape,1
1932,bta,1
1933,certainly,4
1934,dumped,3
1935,bridge,1
1936,burned,2
1937,phone,7
1938,phoneso,1
1939,prove,5
1940,sweet,1
1941,confronting,1
1942,played,1
1943,mebut,1
1944,title,3
1945,opponent,1
1946,actively,2
1947,homophobic,1
1948,choiceyes,1
1949,choice,3
1950,hiding,6
1951,amazing,2
1952,backshe,1
1953,decent,6
1954,persongt,1
1955,boyfriend,2
1956,intimate,6
1957,soooo,1
1958,permission,6
1959,lesbian,1
1960,gee,2
1961,figuring,1
1962,hold,2
1963,orientation,3
1964,dating,5
1965,potential,1
1966,assuming,1
1967,minding,1
1968,gay,5
1969,rare,1
1970,exceptions,1
1971,examples,1
1972,calls,6
1973,coming,5
1974,grips,4
1975,withunderstanding,1
1976,bearing,2
1977,quoted,1
1978,somewhere,3
1979,degree,3
1980,chooses,1
1981,uncomfortable,10
1982,behave,5
1983,different,11
1984,sorting,1
1985,nearly,10
1986,boils,1
1987,combination,1
1988,entitlement,2
1989,confusion,1
1990,age,10
1991,conclusion,1
1992,fell,1
1993,projected,1
1994,fears,2
1995,straw,1
1996,hollywood,1
1997,shoveled,1
1998,arrogant,1
1999,judgmental,1
2000,prick,5
2001,acting,3
2002,become,6
2003,figure,4
2004,practice,2
2005,mentionsin,1
2006,paragraph,1
2007,mentions,1
2008,son,9
2009,refer,2
2010,meat,1
2011,vegan,2
2012,food,9
2013,nephew,4
2014,initiative,1
2015,pick,6
2016,slight,1
2017,compassion,3
2018,healthy,6
2019,civil,3
2020,harassment,1
2021,identical,1
2022,lunches,1
2023,rats,2
2024,regard,1
2025,distraught,3
2026,strong,3
2027,comfort,2
2028,launch,1
2029,attack,4
2030,demean,1
2031,subjects,2
2032,affection,2
2033,seriously,8
2034,expensive,5
2035,disposable,1
2036,caring,2
2037,thereby,1
2038,dear,1
2039,dreaming,1
2040,joint,2
2041,measly,1
2042,pocket,2
2043,possibility,1
2044,processing,2
2045,dealing,4
2046,grief,3
2047,debacle,1
2048,breakup,1
2049,saved,2
2050,cope,1
2051,people's,6
2052,including,1
2053,stressful,2
2054,confirmation,1
2055,parting,1
2056,shot,3
2057,open,3
2058,entirety,1
2059,lies,1
2060,inside,1
2061,surpassed,1
2062,development,1
2063,fuckis,1
2064,skinning,1
2065,youngest,1
2066,effect,1
2067,dolt,1
2068,debilitating,1
2069,illnesses,1
2070,gripped,1
2071,youyou,1
2072,sound,4
2073,hardly,1
2074,aggravate,1
2075,himher,2
2076,delivering,1
2077,table,6
2078,tip,1
2079,restaurant,3
2080,serves,2
2081,returning,1
2082,indoctrination,1
2083,potentially,3
2084,co,3
2085,workers,3
2086,manager,3
2087,unprofessional,1
2088,jobs,3
2089,jeopardy,3
2090,managerowner,1
2091,vocabulary,1
2092,built,3
2093,odd,2
2094,closest,1
2095,describe,1
2096,warrants,2
2097,punishment,2
2098,others',1
2099,apologized,3
2100,says,5
2101,rational,2
2102,explaining,2
2103,abandons,1
2104,pregnant,3
2105,mile's,1
2106,walk,1
2107,snow,1
2108,keys,3
2109,refuses,1
2110,unoccupied,1
2111,unlocked,1
2112,moves,2
2113,daughter's,3
2114,proportional,1
2115,preventing,1
2116,medieval,2
2117,reactions,2
2118,exboyfriend,1
2119,create,2
2120,monsters,1
2121,four,1
2122,blowing,2
2123,innocent,2
2124,adjusted,1
2125,shudder,1
2126,raising,3
2127,threw,3
2128,major,1
2129,tantrum,1
2130,discipline,1
2131,grounds,4
2132,authoritarianism,1
2133,reject,1
2134,communicate,1
2135,disallowed,1
2136,law,4
2137,live,13
2138,hosting,1
2139,faint,1
2140,smell,1
2141,indoors,1
2142,signs,1
2143,suggested,1
2144,showed,1
2145,hearing,2
2146,hyperbolic,1
2147,fired,7
2148,attitude,3
2149,phonepeople,1
2150,other's,1
2151,phones,1
2152,sisters,3
2153,recently,1
2154,advicehow,1
2155,related,1
2156,negate,1
2157,influencehaving,1
2158,prepared,4
2159,authority,1
2160,finding,4
2161,happening,3
2162,positive,4
2163,stds,1
2164,beer,1
2165,helpful,2
2166,youngthere's,1
2167,states,2
2168,consent,1
2169,cement,1
2170,impression,1
2171,gone,4
2172,mood,3
2173,modicum,1
2174,reschedule,1
2175,hoping,1
2176,decline,1
2177,empathize,1
2178,affectionate,1
2179,follow,3
2180,script,1
2181,flowchart,1
2182,online,1
2183,slated,1
2184,weeks,1
2185,crotch,1
2186,maggot,1
2187,birthday,4
2188,late,3
2189,stirring,1
2190,btw,1
2191,drum,1
2192,kit,2
2193,kazoo,1
2194,rub,1
2195,nose,2
2196,vitriolic,1
2197,plenty,4
2198,differently,2
2199,defect,1
2200,heavily,3
2201,downvoted,1
2202,downvote,1
2203,button,2
2204,contribute,2
2205,reflection,4
2206,ponder,1
2207,dying,1
2208,cancer,3
2209,decisions,8
2210,died,4
2211,apologizing,2
2212,hindsight,2
2213,actions,13
2214,involved,5
2215,subjective,1
2216,emotions,1
2217,judge,3
2218,forgive,4
2219,hasis,1
2220,bold,1
2221,forgiveness,2
2222,forgiver,1
2223,forgivenhttpsanimityhealth,1
2224,comforgiveness,1
2225,ourselves,1
2226,forgetting,2
2227,connected,1
2228,hatred,2
2229,tightly,1
2230,clenched,1
2231,judging,1
2232,glass,1
2233,colored,1
2234,throwing,5
2235,marriage,12
2236,facebook,2
2237,profiles,1
2238,sometimes,4
2239,exes,2
2240,stayed,1
2241,history,4
2242,profile,1
2243,occurred,1
2244,pages,1
2245,messenger,1
2246,info,3
2247,books,1
2248,texts,1
2249,typed,2
2250,hypocrisy,1
2251,leaping,1
2252,conclusions,1
2253,word,2
2254,texting,1
2255,reception,5
2256,booty,1
2257,middle,3
2258,couple,6
2259,pessimistic,2
2260,view,9
2261,revealed,1
2262,shortly,2
2263,birth,2
2264,evidence,1
2265,happen,2
2266,bringing,1
2267,blocks,1
2268,cup,1
2269,supermarket's,1
2270,place's,1
2271,ludicracy,1
2272,imagined,1
2273,escalated,2
2274,against,9
2275,envy,1
2276,ordeal,1
2277,reveal,1
2278,desperately,2
2279,fooled,1
2280,perpetrating,1
2281,guess,2
2282,nerve,2
2283,throw,6
2284,shade,1
2285,nasty,2
2286,earn,4
2287,video,1
2288,forward,3
2289,badly,1
2290,duped,1
2291,fritz,1
2292,arrested,2
2293,solicitation,1
2294,lewdness,1
2295,ward,1
2296,sentence,1
2297,originality,1
2298,though,3
2299,porn,1
2300,wards,1
2301,warms,1
2302,cold,2
2303,neglected,2
2304,heart,2
2305,medication,1
2306,knowledge,2
2307,guaranteed,2
2308,catch,2
2309,busy,1
2310,priority,1
2311,course,5
2312,fully,2
2313,lack,3
2314,bullying,1
2315,broke,2
2316,melodrama,1
2317,ntayou're,2
2318,domain,1
2319,crackhead,1
2320,quick,2
2321,stolen,1
2322,nephew's,1
2323,laptop,1
2324,solidly,1
2325,corner,1
2326,missing,2
2327,offending,2
2328,untroubled,1
2329,stealing,2
2330,reservations,1
2331,physically,1
2332,sleep,2
2333,lucky,3
2334,naked,2
2335,pictures,5
2336,enter,1
2337,rental,3
2338,sharing,3
2339,mates,1
2340,changing,3
2341,penalties,1
2342,sentencing,1
2343,inevitable,1
2344,reporting,2
2345,asap,1
2346,afraid,1
2347,reality,2
2348,validated,1
2349,motivate,1
2350,easy,3
2351,traumatize,1
2352,advice,1
2353,turn,8
2354,teachable,1
2355,siccing,1
2356,executioner's,1
2357,axe,1
2358,strict,1
2359,ensure,1
2360,studies,2
2361,partying,1
2362,finish,2
2363,arrange,2
2364,graduation,1
2365,classes,1
2366,failed,2
2367,earned,2
2368,extreme,1
2369,education,3
2370,bitter,3
2371,path,1
2372,redemption,1
2373,surprise,1
2374,fool,1
2375,enjoying,1
2376,latelyshe's,1
2377,fucked,6
2378,workplace,6
2379,panicked,1
2380,wasnt,1
2381,theyre,1
2382,iyou've,1
2383,supportive,5
2384,turned,2
2385,torment,2
2386,impossible,3
2387,mode,1
2388,slept,1
2389,that'd,1
2390,unconscious,2
2391,precarious,1
2392,position,3
2393,shift,1
2394,leaders,1
2395,employees,1
2396,demonstrate,1
2397,hostile,2
2398,frequent,1
2399,reminders,2
2400,given,2
2401,last,4
2402,accepted,2
2403,processed,1
2404,push,3
2405,feet,2
2406,areas,2
2407,respectful,3
2408,three,4
2409,bothered,3
2410,feces,1
2411,walls,1
2412,suggestions,1
2413,regarding,3
2414,al,1
2415,staff,1
2416,appalling,1
2417,indicator,2
2418,demand,2
2419,sensor,1
2420,denying,4
2421,medal,1
2422,builds,1
2423,plaque,1
2424,arteries,1
2425,habit,2
2426,rid,1
2427,longer,3
2428,hang,1
2429,ytagt,1
2430,despises,1
2431,herany,1
2432,particular,2
2433,cunt,2
2434,willing,4
2435,poon,1
2436,forced,1
2437,someonethat's,1
2438,forcing,3
2439,loves,2
2440,trueand,1
2441,permanently,4
2442,damaging,2
2443,carereal,1
2444,technology,1
2445,arriving,1
2446,options,3
2447,ivf,1
2448,surrogates,1
2449,biologically,1
2450,theirs,2
2451,legacy,1
2452,certainty,1
2453,aspects,3
2454,rubbing,2
2455,narcissist,1
2456,ntayou,3
2457,distract,2
2458,trouble,2
2459,controlling,2
2460,fixation,1
2461,request,1
2462,reinforcement,1
2463,validating,1
2464,eyes,1
2465,backed,2
2466,wast,1
2467,accommodating,2
2468,defects,1
2469,study,2
2470,beauty,1
2471,standards,1
2472,finite,1
2473,ntadying,1
2474,resolve,1
2475,pissed,1
2476,father's,2
2477,frozen,2
2478,solid,3
2479,mackerel,1
2480,bruce,1
2481,willis,1
2482,eshyour,2
2483,irrationally,1
2484,emotionally,2
2485,lunch,1
2486,partner,10
2487,cell,1
2488,affair,2
2489,hadn't,1
2490,answered,1
2491,cube,1
2492,handed,1
2493,conversationally,1
2494,choices,4
2495,tact,1
2496,awareness,2
2497,apologize,5
2498,hormones,1
2499,mitigates,1
2500,bff,1
2501,kicked,2
2502,curb,2
2503,excised,1
2504,closer,3
2505,influencing,1
2506,severely,1
2507,threat,1
2508,vulnerable,1
2509,period,2
2510,notably,1
2511,immediate,2
2512,severe,1
2513,repercussions,2
2514,mainly,1
2515,solve,1
2516,problems,3
2517,elephant,1
2518,depriving,2
2519,requires,1
2520,terrible,4
2521,divorce,3
2522,denial,1
2523,addict,2
2524,bullshit,2
2525,gaining,1
2526,weight,1
2527,calories,1
2528,stuffing,1
2529,candy,1
2530,sugar,1
2531,rush,1
2532,total,2
2533,quitdoesn't,1
2534,survivegt,1
2535,warned,1
2536,constitute,1
2537,quiting,1
2538,anyways,1
2539,annihilation,1
2540,habits,7
2541,town,4
2542,l,1
2543,everyone's,3
2544,stalkerhttpsen,1
2545,orgwikirichard,1
2546,ramirez,1
2547,shows,4
2548,mil,1
2549,fil,1
2550,flying,1
2551,guest's,1
2552,dh,1
2553,tired,1
2554,locking,1
2555,doors,1
2556,heads,1
2557,converse,1
2558,uncle,2
2559,didis,1
2560,hid,1
2561,assets,1
2562,aunt,2
2563,college,6
2564,dollar,1
2565,bead,1
2566,shop,2
2567,chief,1
2568,cardiac,1
2569,surgery,1
2570,hospital,4
2571,computer,1
2572,classwork,1
2573,retired,1
2574,office,2
2575,slow,1
2576,range,1
2577,rampjwhich,1
2578,book,1
2579,juliette,1
2580,romeo,1
2581,religion,4
2582,expressed,1
2583,willingness,2
2584,disown,1
2585,tolerable,1
2586,inflexible,1
2587,honor,4
2588,killy,1
2589,acid,2
2590,facey,1
2591,called,2
2592,waited,2
2593,fly,1
2594,agony,1
2595,endure,2
2596,needing,1
2597,selfish,2
2598,vet's,1
2599,commentary,1
2600,survived,1
2601,suffered,1
2602,blender,1
2603,airport,1
2604,hunting,1
2605,owner,3
2606,remains,2
2607,embalm,1
2608,humans,1
2609,body,3
2610,repairing,1
2611,damaged,2
2612,goods,1
2613,referring,1
2614,disciplining,1
2615,easier,4
2616,correct,3
2617,border,1
2618,selfless,1
2619,gesture,1
2620,consult,1
2621,input,4
2622,someday,1
2623,maybe,2
2624,steamrollering,1
2625,uproot,1
2626,fills,1
2627,dread,1
2628,scope,1
2629,realize,4
2630,consulting,1
2631,shoulder,3
2632,reply,2
2633,community,4
2634,partnership,1
2635,unilaterally,1
2636,issuing,1
2637,ultimatums,1
2638,impact,2
2639,granddaughter,1
2640,dream,1
2641,betting,1
2642,counting,1
2643,bankrolling,1
2644,disproportionately,1
2645,burden,1
2646,slave,1
2647,knocked,1
2648,dictating,1
2649,resenting,1
2650,hook,1
2651,provided,1
2652,batter,1
2653,ntasomeone,1
2654,track,1
2655,abandoning,1
2656,infant,1
2657,rights,1
2658,valid,4
2659,vile,1
2660,philosophy,1
2661,tying,3
2662,beliefs,1
2663,forbid,1
2664,revolting,1
2665,band,1
2666,festering,1
2667,brains,2
2668,refused,2
2669,perfectly,3
2670,plausible,1
2671,airplane,1
2672,ta,3
2673,blue,1
2674,access,3
2675,press,3
2676,charges,3
2677,tendencies,1
2678,society,1
2679,injuring,1
2680,inevitably,1
2681,grip,2
2682,enemy,1
2683,hurt,7
2684,mad,7
2685,box,2
2686,matches,1
2687,overly,1
2688,dramatic,1
2689,inflict,1
2690,unnecessary,1
2691,distant,1
2692,group,3
2693,seasonal,1
2694,dibs,1
2695,prohibit,1
2696,cared,1
2697,unlike,1
2698,dated,1
2699,cake,7
2700,friendsyou,1
2701,plans,1
2702,roommate's,1
2703,badmouthing,1
2704,mostly,2
2705,largesse,1
2706,aggression,1
2707,notice,3
2708,eviction,1
2709,eye,1
2710,prudish,1
2711,requests,1
2712,offer,4
2713,throws,1
2714,conforming,1
2715,religious,3
2716,ceremony,3
2717,x,1
2718,scene,1
2719,preaching,1
2720,equally,1
2721,tasteless,2
2722,mess,3
2723,risk,4
2724,training,1
2725,accidents,2
2726,specialist,1
2727,drove,1
2728,ambulances,1
2729,army,1
2730,reserve,1
2731,rpg,1
2732,casket,2
2733,wooden,1
2734,mannequin,1
2735,bag,1
2736,presentable,1
2737,funeral,2
2738,itself,2
2739,visible,1
2740,financially,1
2741,benefited,1
2742,amp,1
2743,supporting,3
2744,regale,1
2745,tales,1
2746,appreciate,2
2747,bonding,1
2748,spends,1
2749,undermining,1
2750,stability,1
2751,raw,1
2752,nerves,2
2753,sandpaper,1
2754,dipped,1
2755,perceive,1
2756,larger,1
2757,moved,3
2758,original,1
2759,brothers,2
2760,equal,2
2761,arrangement,1
2762,circle,1
2763,serve,1
2764,walked,1
2765,manipulate,2
2766,subverting,1
2767,mei,1
2768,tries,2
2769,guilt,3
2770,scorpio,1
2771,edit,1
2772,reputation,2
2773,divorces,2
2774,issueshttpswww,1
2775,magnifymoney,1
2776,comblogfeaturedmoney,1
2777,causes,3
2778,percent,1
2779,roughly,1
2780,adulteryhttpswww,1
2781,apaorgpubsjournalsfeaturescfp,1
2782,ruin,1
2783,evening,4
2784,friend's,1
2785,remark,1
2786,beating,1
2787,praised,1
2788,slamming,2
2789,attacking,5
2790,absent,1
2791,intervention,1
2792,orders,2
2793,separated,1
2794,outcome,3
2795,survive,1
2796,negative,1
2797,effects,1
2798,vast,1
2799,happened,3
2800,minus,1
2801,court,1
2802,fight,2
2803,generated,1
2804,ill,2
2805,separate,1
2806,adjust,1
2807,acts,2
2808,multiplier,1
2809,husband's,2
2810,amount,4
2811,untouched,1
2812,routine,5
2813,truck,2
2814,unchanged,1
2815,suck,2
2816,internet,2
2817,stranger,2
2818,sits,1
2819,lands,1
2820,sam's,1
2821,regulated,1
2822,militia,1
2823,hubs,1
2824,moving,1
2825,mistake,1
2826,grown,1
2827,ca,2
2828,tx,4
2829,continent,1
2830,bases,2
2831,southern,1
2832,hour,2
2833,map,1
2834,saw,2
2835,eastern,1
2836,combined,1
2837,belongings,2
2838,destroying,1
2839,plants,1
2840,window,2
2841,running,4
2842,indicate,1
2843,pattern,1
2844,door,5
2845,nearby,1
2846,wanting,5
2847,shirts,1
2848,scent,1
2849,loaded,1
2850,relax,2
2851,driving,10
2852,expecting,2
2853,goblin,1
2854,weekend,2
2855,getaway,1
2856,setting,3
2857,heading,1
2858,disservice,2
2859,planted,1
2860,manchineel,2
2861,treehttpswww,1
2862,sciencealert,1
2863,comdo,1
2864,s,2
2865,dangerous,2
2866,tree,2
2867,pretending,1
2868,ancestors,1
2869,ran,1
2870,dna,2
2871,test,3
2872,earth,3
2873,tested,1
2874,invasion,1
2875,utterly,2
2876,incapable,1
2877,resisting,1
2878,curiosity,1
2879,salacious,1
2880,package,1
2881,amazon,1
2882,opened,1
2883,defensive,1
2884,embarrassed,1
2885,worrying,1
2886,considered,2
2887,conjunction,1
2888,local,1
2889,convenient,1
2890,fiction,1
2891,unplugging,1
2892,wifi,1
2893,router,1
2894,bed,1
2895,pragmatic,1
2896,stepdaughter,1
2897,sense,4
2898,childperhaps,1
2899,barging,1
2900,meetings,2
2901,clients,3
2902,detriment,1
2903,why's,1
2904,humiliated,1
2905,john's,1
2906,hundreds,3
2907,deep,1
2908,growing,2
2909,drama,2
2910,toolkit,1
2911,it'll,3
2912,mistaken,1
2913,uninformed,1
2914,provoke,1
2915,declining,1
2916,launching,2
2917,fh,1
2918,clarify,1
2919,worries,1
2920,temper,1
2921,underestimate,1
2922,advertising,1
2923,month,3
2924,resources,3
2925,consumed,2
2926,daily,2
2927,stupidly,1
2928,portion,1
2929,asleep,1
2930,renewable,3
2931,replace,2
2932,within,2
2933,span,1
2934,lifetimes,1
2935,recyclable,1
2936,terribly,1
2937,bull,1
2938,headed,1
2939,upper,1
2940,limit,1
2941,shoes,2
2942,blood,1
2943,proven,1
2944,unlikely,1
2945,loan,1
2946,stain,1
2947,son's,4
2948,credit,1
2949,stains,1
2950,kneecapping,2
2951,finances,1
2952,excesses,1
2953,hurtful,2
2954,harmful,1
2955,sentences,1
2956,ahem,1
2957,children's,2
2958,museum,2
2959,designated,1
2960,stationed,1
2961,enforce,1
2962,ejected,1
2963,dealt,4
2964,dramatically,1
2965,explained,2
2966,prayers,1
2967,boundary,1
2968,stomping,1
2969,vodun,1
2970,ganesh,1
2971,worshiping,1
2972,abrahamic,1
2973,prevent,2
2974,serial,1
2975,killer,1
2976,unable,1
2977,compulsion,1
2978,expected,1
2979,protect,3
2980,influence,1
2981,knowingly,1
2982,teaching,1
2983,oppose,1
2984,cutting,1
2985,enable,1
2986,whenever,1
2987,obsolete,1
2988,ntaif,1
2989,proportions,1
2990,b,3
2991,c,3
2992,currently,1
2993,ignoring,1
2994,therapy's,1
2995,bills,2
2996,injured,2
2997,admitting,2
2998,eat,6
2999,literal,1
3000,plate,2
3001,proud,1
3002,achieved,1
3003,token,2
3004,traffic,1
3005,brakes,1
3006,alone,9
3007,illegal,3
3008,source,2
3009,warning,1
3010,cop,1
3011,amends,3
3012,belong,1
3013,introducing,1
3014,robbing,1
3015,flush,1
3016,tubes,1
3017,andy,1
3018,fortune,1
3019,unreasonable,1
3020,fathered,1
3021,drunken,1
3022,stand's,1
3023,relation,1
3024,setup,1
3025,primary,1
3026,polite,2
3027,sneak,1
3028,disability,1
3029,missed,2
3030,concert,2
3031,ashes,1
3032,forgotten,1
3033,young,2
3034,replaced,3
3035,impostor,1
3036,grades,3
3037,probation,1
3038,suspension,1
3039,gpa,1
3040,perfect,1
3041,penance,2
3042,semester,1
3043,inexpensive,1
3044,apply,1
3045,fall,3
3046,fail,1
3047,flushed,1
3048,k,3
3049,toilet,1
3050,associate,1
3051,lawsuit,1
3052,skate,1
3053,encourage,1
3054,attempting,2
3055,communication,1
3056,badmouths,1
3057,slandered,1
3058,spouse,1
3059,dropping,1
3060,wood,1
3061,chipper,1
3062,dog's,2
3063,drop,1
3064,declines,1
3065,persists,2
3066,escalates,1
3067,professions,1
3068,drunk,5
3069,cant,1
3070,exception,1
3071,gift,8
3072,afford,2
3073,agreement,3
3074,changes,2
3075,milk,1
3076,trumpian,1
3077,goodie,1
3078,bags,1
3079,meshe,1
3080,unexpected,1
3081,rich,1
3082,suspend,1
3083,discontinue,1
3084,fencethat,1
3085,fails,1
3086,mouth,2
3087,shut,4
3088,everyou,1
3089,dads,3
3090,harangue,1
3091,deficiencies,1
3092,tack,1
3093,tune,1
3094,attendance,1
3095,crap,4
3096,basic,1
3097,educational,1
3098,theory,1
3099,swimming,1
3100,cpr,1
3101,degrees,1
3102,educate,1
3103,educating,1
3104,teachers,3
3105,guise,1
3106,administrators,1
3107,counterproductive,1
3108,assaults,1
3109,parents',1
3110,enemies,1
3111,vastly,1
3112,kid's,1
3113,decides,5
3114,engages,1
3115,unacceptable,1
3116,informing,1
3117,hired,1
3118,worker,1
3119,passengers,1
3120,suspect,1
3121,insane,1
3122,taxi,1
3123,uberlyft,1
3124,drivers,1
3125,facet,1
3126,existence,2
3127,seen,1
3128,articles,1
3129,uber,2
3130,lyft,1
3131,winnings,1
3132,europe,1
3133,chump,1
3134,dickish,1
3135,flatmates,1
3136,sacrifice,1
3137,occasionally,1
3138,enlisting,1
3139,count,1
3140,politely,1
3141,ntareport,1
3142,crosses,1
3143,purview,1
3144,practitioner,1
3145,enforcing,1
3146,morals,1
3147,police,5
3148,treatment,1
3149,information,2
3150,accurate,1
3151,type,2
3152,ntastate,1
3153,issued,1
3154,refers,1
3155,nation,1
3156,england,1
3157,requirements,1
3158,bouncers,1
3159,harming,1
3160,bar's,1
3161,pos,1
3162,review,1
3163,canned,1
3164,snuck,1
3165,compassionate,1
3166,forgiving,1
3167,counsel,1
3168,offender,1
3169,mete,1
3170,fathers,1
3171,conceived,1
3172,stepped,1
3173,fulfilling,2
3174,obligations,1
3175,highlighting,1
3176,losers,1
3177,load,1
3178,must,1
3179,dad's,1
3180,comparison,1
3181,guys',1
3182,embarrass,2
3183,batshit,1
3184,crazy,2
3185,hobby,1
3186,peep,1
3187,rescind,1
3188,ntawhy,1
3189,ensuring,1
3190,hot,2
3191,water,2
3192,dominance,1
3193,confrontational,1
3194,prying,1
3195,millions,1
3196,considerate,1
3197,males,1
3198,girlfriends,1
3199,involuntary,1
3200,country,2
3201,grew,2
3202,practices,1
3203,raised,3
3204,e,1
3205,observes,1
3206,california,1
3207,pinatas,1
3208,mexico,1
3209,involvement,1
3210,eric,2
3211,don,1
3212,jr,1
3213,traveled,1
3214,doucheland,1
3215,steeping,1
3216,hatched,1
3217,fence,2
3218,saturated,1
3219,air,2
3220,smokers,1
3221,noticeable,1
3222,daylight,1
3223,basis,1
3224,complaining,1
3225,douchebag,1
3226,cyclists,2
3227,auto,2
3228,insurance,4
3229,accident,3
3230,companies,1
3231,metal,1
3232,radiusesdo,1
3233,spokes,1
3234,ytashe's,1
3235,leg,1
3236,fantastic,1
3237,impaired,1
3238,cab,1
3239,ubert,1
3240,above,3
3241,remembers,1
3242,diminishing,1
3243,compared,1
3244,temporarily,2
3245,cure,2
3246,fed,1
3247,poison,1
3248,assuring,1
3249,'super,1
3250,attack',1
3251,costing,2
3252,fair,1
3253,entirely,4
3254,mom's,4
3255,applying,1
3256,unknown,1
3257,noticed,1
3258,arranging,1
3259,circumstances,4
3260,pursue,1
3261,cream,1
3262,sundae,1
3263,complaint,1
3264,reported,1
3265,dashcam,1
3266,complaints,1
3267,talked,1
3268,faces,1
3269,representing,1
3270,black,1
3271,begs,1
3272,protecting,1
3273,handled,1
3274,pulling,3
3275,pat,1
3276,crowd,1
3277,humiliate,1
3278,specify,1
3279,searched,1
3280,form,3
3281,allegedly,1
3282,whatsoever,1
3283,socked,1
3284,legally,2
3285,obligate,1
3286,adopting,1
3287,th,1
3288,motives,1
3289,equipped,1
3290,shame,2
3291,adoption,1
3292,stepson,1
3293,profound,1
3294,shunned,1
3295,industrial,1
3296,grade,2
3297,rewinding,1
3298,bits,1
3299,malicious,2
3300,compliance,2
3301,interesting,1
3302,someone's,1
3303,innermost,1
3304,reconcile,1
3305,loving,2
3306,contempt,1
3307,suggestion,1
3308,gtfo,1
3309,luckiest,1
3310,ruling,1
3311,recovering,1
3312,unfortunate,1
3313,prenup,1
3314,signing,1
3315,family's,2
3316,valuables,1
3317,interested,1
3318,jail,2
3319,lawyer,1
3320,suing,1
3321,recoup,1
3322,whiskey,1
3323,gf's,3
3324,landlord,1
3325,shits,1
3326,causing,1
3327,rift,3
3328,following,1
3329,respecting,2
3330,occasion,1
3331,lock,2
3332,locks,1
3333,garage,1
3334,unambiguously,1
3335,crashed,1
3336,valuable,2
3337,liquid,1
3338,shitting,1
3339,profession,3
3340,ntai,1
3341,leaning,3
3342,es,1
3343,magnitude,1
3344,apart,1
3345,wildly,2
3346,pushed,1
3347,didwas,1
3348,digging,1
3349,eventday,1
3350,celebrating,1
3351,whoever,1
3352,officiating,1
3353,usually,1
3354,gathered,1
3355,explicit,1
3356,man's,1
3357,speech,1
3358,defined,1
3359,traditional,1
3360,acknowledge,1
3361,narcissism,1
3362,happiness,4
3363,hijack,1
3364,stage,1
3365,concerts,1
3366,thrown,1
3367,meaning,1
3368,conscious,1
3369,slice,1
3370,fridge,2
3371,ate,1
3372,bite,1
3373,eating,6
3374,insult,1
3375,heck,1
3376,roommate,2
3377,allergic,1
3378,brians,2
3379,brian,1
3380,scores,1
3381,fought,1
3382,attempt,1
3383,accommodate,1
3384,hammer,1
3385,brian's,1
3386,beings,2
3387,ashamed,1
3388,successful,2
3389,stopping,1
3390,blackout,1
3391,drunkhttpswww,1
3392,alcoholorgeffectsblood,1
3393,concentration,1
3394,burn,1
3395,confusing,1
3396,deserves,1
3397,doctored,1
3398,pics,1
3399,grieve,1
3400,giant,1
3401,catholic,1
3402,atheist,1
3403,pity,1
3404,funerals,1
3405,present,1
3406,affront,1
3407,stood,1
3408,solace,1
3409,memories,3
3410,remembering,1
3411,soaking,1
3412,fictional,1
3413,accounts,1
3414,varnish,1
3415,spread,1
3416,headphones,1
3417,robbed,1
3418,returned,1
3419,required,2
3420,solutions,1
3421,adding,1
3422,nowhere,1
3423,monthly,1
3424,recurring,1
3425,bill,3
3426,us,3
3427,invoice,1
3428,fluctuates,1
3429,depending,1
3430,wi,1
3431,fi,1
3432,surrogate,1
3433,carry,1
3434,ntayes,1
3435,loosen,1
3436,indication,1
3437,intent,1
3438,switching,1
3439,seats,1
3440,brother's,2
3441,touch,1
3442,card,2
3443,copes,1
3444,unhappy,1
3445,herselfso,1
3446,vein,1
3447,vain,3
3448,mention,1
3449,sil's,1
3450,plays,1
3451,mentally,1
3452,recommend,1
3453,backing,1
3454,gentle,1
3455,tactful,2
3456,unattractive,1
3457,degrading,1
3458,attacked,1
3459,hi,1
3460,insecurity,1
3461,cow,1
3462,bet,1
3463,skipped,1
3464,desert,1
3465,meal,3
3466,directed,1
3467,fiancee,3
3468,daythat,1
3469,double,1
3470,funding,1
3471,ntahe,1
3472,toe,1
3473,boyfriendpartner,1
3474,binding,1
3475,direct,2
3476,honorifics,1
3477,license,2
3478,mustve,1
3479,slipped,1
3480,steak,6
3481,lap,1
3482,grab,1
3483,extra,1
3484,piss,1
3485,exemplary,1
3486,student,1
3487,correctly,1
3488,exercise,2
3489,demonstrates,1
3490,interests,1
3491,pursuing,1
3492,final,1
3493,broker,1
3494,visitation,1
3495,concede,1
3496,utilize,1
3497,contrite,1
3498,declared,1
3499,groveling,1
3500,fulfill,1
3501,gap,1
3502,thanksgiving,1
3503,wish,1
3504,politics,2
3505,seven,1
3506,repeatedly,1
3507,offended,2
3508,hr,3
3509,accounting,1
3510,paper,1
3511,joining,1
3512,join,1
3513,teacher,1
3514,plague,1
3515,upon,3
3516,generations,1
3517,subordinates,1
3518,liability,1
3519,familyisn't,1
3520,smashed,1
3521,protests,1
3522,outs,1
3523,associated,1
3524,assault,1
3525,seek,1
3526,recompense,1
3527,attackers,1
3528,injury,1
3529,spoiled,2
3530,logic,1
3531,domestic,1
3532,rate,1
3533,pecker,1
3534,pair,1
3535,jumper,1
3536,cables,1
3537,trunk,2
3538,barely,2
3539,experiment,2
3540,ingredients,1
3541,accuses,1
3542,petty,1
3543,disagreement,1
3544,performing,1
3545,assassination,1
3546,cooked,1
3547,excited,2
3548,righteous,1
3549,disappointment,1
3550,rolling,1
3551,fickle,1
3552,cooking,2
3553,posting,1
3554,shared,1
3555,bites,1
3556,disappointed,1
3557,bullish,1
3558,pride,1
3559,register,1
3560,scale,2
3561,measure,1
3562,opposed,1
3563,network,1
3564,idiot,1
3565,butthurt,1
3566,slam,1
3567,dunk,1
3568,role,1
3569,play,1
3570,sexually,1
3571,molested,1
3572,disinheriting,1
3573,inheriting,1
3574,selfishly,1
3575,assumes,1
3576,stupiddick,1
3577,kick,1
3578,oblivious,1
3579,meltdown,1
3580,anger,3
3581,boil,1
3582,straining,1
3583,instill,1
3584,quantity,1
3585,athlete,1
3586,workouts,1
3587,sedentary,1
3588,guide,1
3589,appointment,1
3590,evaluate,1
3591,maintaining,1
3592,status,1
3593,quo,1
3594,diet,5
3595,photos,1
3596,swastika,1
3597,remembered,1
3598,removal,1
3599,covering,2
3600,tattoo,1
3601,covered,1
3602,wont,1
3603,image,1
3604,fits,1
3605,hollow,2
3606,vibrator,1
3607,bible,2
3608,empty,1
3609,charlatans,1
3610,deceive,1
3611,gathering,1
3612,anticipating,1
3613,laws,1
3614,reckless,1
3615,ntatwo,1
3616,declined,1
3617,insisted,1
3618,inconvenienced,1
3619,wrongs,1
3620,grumbled,1
3621,bread,5
3622,we'd,1
3623,claimed,1
3624,automagic,1
3625,machines,1
3626,allergies,1
3627,dairy,1
3628,products,1
3629,commercial,1
3630,bakeries,1
3631,included,1
3632,pantries,1
3633,cook,2
3634,worry,2
3635,cabinet,1
3636,snacks,1
3637,sight,1
3638,location,1
3639,write,1
3640,incidents,1
3641,task,1
3642,instantly,1
3643,slob,1
3644,cusses,1
3645,kills,1
3646,dark,1
3647,cry,1
3648,million,1
3649,bucks,1
3650,bankruptcy,1
3651,separating,1
3652,splitting,1
3653,energy,2
3654,mobile,1
3655,grandson,1
3656,recognize,1
3657,block,1
3658,tone,1
3659,discussing,1
3660,balls,1
3661,sticking,1
3662,identity,1
3663,hair,1
3664,appearances,1
3665,allows,2
3666,tongues,1
3667,wag,1
3668,concession,1
3669,nahdoes,1
3670,tossing,1
3671,ditching,1
3672,dumping,1
3673,focus,1
3674,romance,1
3675,experienced,1
3676,eh,1
3677,largely,1
3678,proposal,1
3679,sends,1
3680,red,1
3681,flag,1
3682,complete,2
3683,reversal,1
3684,cats,1
3685,jealousy,1
3686,dependent,1
3687,unhealthy,1
3688,whip,1
3689,safely,1
3690,thumb,1
3691,usual,1
3692,mechanism,1
3693,dodged,1
3694,bullet,1
3695,sorts,1
3696,attached,1
3697,herin,1
3698,proposed,1
3699,ntahitting,1
3700,socially,1
3701,awkward,1
3702,boobs,2
3703,moobs,1
3704,breasts,1
3705,pressing,1
3706,implication,1
3707,consolation,1
3708,miscommunication,1
3709,misanthropic,1
3710,motivation,1
3711,attitudes,1
3712,walks,1
3713,continues,1
3714,propagate,1
3715,decency,1
3716,application,2
3717,desire,3
3718,artificially,1
3719,inflating,1
3720,ensures,1
3721,accurately,1
3722,indicates,1
3723,answers,2
3724,submitted,2
3725,site,1
3726,cheaters,1
3727,calculations,1
3728,similarly,1
3729,remarkably,1
3730,exams,1
3731,grading,1
3732,curve,1
3733,ntabut,1
3734,offering,1
3735,opinions,1
3736,fb,1
3737,grandmother's,1
3738,passing,1
3739,delete,1
3740,ntathey,1
3741,activity,1
3742,begged,1
3743,ace,1
3744,threatening,1
3745,possessions,1
3746,submit,1
3747,betrayal,1
3748,venom,1
3749,almostgt,1
3750,force,1
3751,conversion,1
3752,therapy,1
3753,churchreligion,1
3754,poisons,1
3755,toaster,1
3756,microwave,1
3757,appliances,1
3758,pawn,1
3759,pja,2
3760,member,1
3761,tied,1
3762,gatherings,1
3763,dies,1
3764,blowup,1
3765,enduring,1
3766,strenuous,1
3767,contentious,1
3768,revenge,1
3769,mourning,1
3770,unavailable,1
3771,tiptoe,1
3772,finishes,1
3773,grieving,2
3774,afterlife,1
3775,veil,1
3776,greedy,1
3777,fullest,1
3778,memory,1
3779,according,1
3780,slower,1
3781,announcing,1
3782,replacement,1
3783,ntahave,1
3784,holiday,2
3785,cards,1
3786,receive,1
3787,inclination,1
3788,side's,1
3789,subset,1
3790,insistent,1
3791,ltholidaygt,1
3792,bob,1
3793,lois,1
3794,tops,1
3795,gripes,1
3796,conflicts,1
3797,zealots,1
3798,venue,1
3799,email,1
3800,spoofed,1
3801,confirming,1
3802,cancellation,1
3803,canceling,1
3804,elope,1
3805,meddle,1
3806,commissioned,1
3807,creation,1
3808,particulars,1
3809,discriminate,1
3810,segments,1
3811,doubting,1
3812,shifts,1
3813,demographic,1
3814,report,1
3815,pov,1
3816,inflicts,1
3817,route,1
3818,disregard,1
3819,interpretations,1
3820,unbalancing,1
3821,relate,1
3822,ups,1
3823,downs,1
3824,emergencies,1
3825,meaningful,1
3826,derailed,1
3827,arguments,1
3828,omitting,1
3829,communications,1
3830,ridiculous,1
3831,imply,1
3832,affected,3
3833,phobia,2
3834,tasks,1
3835,affects,1
3836,stress,2
3837,therapist,1
3838,we'll,1
3839,succeed,1
3840,belittling,1
3841,refundable,1
3842,fee,2
3843,khour,1
3844,service,1
3845,raking,1
3846,coals,1
3847,participating,1
3848,destruction,1
3849,presses,1
3850,inspect,1
3851,ntawas,1
3852,streets,1
3853,emulating,1
3854,standing,1
3855,eviscerates,1
3856,fearful,1
3857,argues,1
3858,competes,1
3859,silly,2
3860,hat,1
3861,hats,1
3862,ntayour,1
3863,duties,2
3864,wrespect,1
3865,dmv,1
3866,permit,1
3867,shopping,1
3868,necessities,1
3869,burying,1
3870,excuses,1
3871,uses,1
3872,uppity,1
3873,apparently,1
3874,cavort,1
3875,upkeep,1
3876,unemployed,1
3877,demands,1
3878,uncorked,1
3879,genie,1
3880,method,1
3881,babysit,1
3882,autonomy,1
3883,constant,1
3884,believing,1
3885,allergy,1
3886,passive,1
3887,sabotage,1
3888,mitigating,1
3889,dishes,1
3890,pork,1
3891,fixing,1
3892,excusable,1
3893,meals,1
3894,er,1
3895,grandparents,2
3896,grandchildren,1
3897,descendants,2
3898,keepsake,1
3899,wing,1
3900,ntathe,1
3901,yoursthe,1
3902,emasculating,1
3903,humiliating,1
3904,meant,1
3905,untrustworthy,1
3906,stabbing,1
3907,fiance,1
3908,cheater,1
3909,remove,1
3910,cease,1
3911,universe,2
3912,directing,1
3913,sift,1
3914,laundry,1
3915,xmas,1
3916,eve,1
3917,remotely,1
3918,necessary,1
3919,dish,1
3920,hint,1
3921,commenting,1
3922,diplomatic,1
3923,phrasing,1
3924,fromgt,1
3925,lectures,1
3926,kats,1
3927,bananas,1
3928,obese,1
3929,opening,1
3930,gob,1
3931,lecturing,1
3932,unasked,1
3933,lifestyle,1
3934,dysfunctional,1
3935,granted,1
3936,echos,1
3937,didntthey,1
3938,checked,1
3939,re,1
3940,gifted,1
3941,base,1
3942,news,1
3943,rewards,1
3944,game,1
3945,shortage,1
3946,inverse,1
3947,jack,1
3948,nicholson,1
3949,bobby,1
3950,darrin,1
3951,clapton,1
3952,ted,1
3953,bundy,1
3954,conditioned,1
3955,captivity,1
3956,structure,2
3957,frequently,1
3958,liberation,1
3959,dictatorial,1
