,Words,t1,Words,frequency
0,the,0,gt,96
1,to,0,she,348
2,a,0,made,29
3,and,0,a,671
4,i,0,big,6
5,of,0,deal,14
6,you,0,about,137
7,is,0,how,107
8,that,0,i,195
9,in,0,didnt,4
10,it,0,trust,11
11,for,0,hernot,1
12,but,0,without,23
13,on,0,damn,2
14,be,0,good,58
15,have,0,reason,30
16,with,0,to,1208
17,not,0,be,239
18,are,0,suspicious,2
19,this,0,and,790
20,if,0,start,25
21,they,0,asking,15
22,was,0,questions,3
23,as,0,said,28
24,just,0,it,341
25,or,0,was,163
26,like,0,for,381
27,my,0,girlfriend,8
28,so,0,of,702
29,your,0,hersdid,1
30,at,0,even,65
31,he,0,identify,1
32,can,0,which,9
33,what,0,friend,25
34,would,0,or,167
35,all,0,is,376
36,about,0,this,176
37,do,0,one,116
38,an,0,those,35
39,people,0,generic,1
40,from,0,friends,28
41,get,0,that,782
42,one,0,are,164
43,more,0,handy,1
44,we,0,deflecting,1
45,no,0,during,10
46,when,0,an,117
47,out,0,argument,9
48,because,0,because,103
49,up,0,thought,15
50,will,0,looked,7
51,think,0,goodbecause,1
52,there,0,wants,18
53,has,0,look,21
54,their,0,you,1089
55,by,0,right,45
56,me,0,so,109
57,how,0,why,45
58,some,0,important,15
59,his,0,her,425
60,them,0,point,34
61,who,0,out,176
62,than,0,wasn't,20
63,really,0,any,64
64,even,0,prompting,1
65,only,0,from,118
66,then,0,couldn't,14
67,had,0,abide,1
68,know,0,the,1077
69,also,0,idea,9
70,good,0,thinking,8
71,other,0,sent,6
72,any,0,nude,1
73,been,0,pic,1
74,time,0,your,545
75,make,0,own,51
76,were,0,enjoyment,1
77,much,0,if,282
78,which,0,were,57
79,see,0,id,3
80,being,0,worried,4
81,could,0,losing,5
82,want,0,meand,1
83,still,0,real,13
84,going,0,whole,23
85,she,0,thing,66
86,should,0,comes,6
87,go,0,but,146
88,why,0,with,377
89,her,0,spin,2
90,way,0,she's,114
91,into,0,now,32
92,most,0,put,17
93,him,0,on,265
94,very,0,making,34
95,its,0,fault,2
96,well,0,all,105
97,need,0,pain,12
98,something,0,cause,7
99,same,0,going,127
100,now,0,screw,2
101,where,0,around,28
102,say,0,blame,7
103,did,0,yourself,32
104,those,0,just,140
105,got,0,like,119
106,over,0,already,21
107,never,0,does,34
108,game,0,no,89
109,first,0,you're,112
110,actually,0,not,306
111,right,0,asshole,46
112,use,0,here,22
113,after,0,gf,14
114,lot,0,times,14
115,pretty,0,then,36
116,back,0,some,82
117,too,0,totally,3
118,take,0,laid,5
119,better,0,conditions,6
120,sure,0,they,187
121,off,0,ok,5
122,someone,0,violated,1
123,every,0,time,93
124,does,0,contest,3
125,these,0,before,34
126,new,0,come,20
127,things,0,onto,1
128,said,0,property,2
129,thing,0,into,70
130,our,0,house,19
131,many,0,after,39
132,us,0,get,118
133,probably,0,caught,5
134,before,0,pull,4
135,work,0,stops,2
136,while,0,roll,1
137,look,0,rationalizations,1
138,down,0,kinds,6
139,two,0,attempts,2
140,always,0,invalidate,1
141,made,0,concerns,3
142,am,0,blaming,6
143,since,0,their,138
144,feel,0,breaking,11
145,might,0,rules,7
146,here,0,agreed,6
147,point,0,picked,4
148,around,0,up,141
149,few,0,when,105
150,years,0,only,57
151,getting,0,as,120
152,find,0,weren't,8
153,best,0,at,116
154,maybe,0,least,24
155,last,0,halfway,2
156,anything,0,there,69
157,mean,0,them,166
158,play,0,constantly,9
159,long,0,smoking,1
160,bad,0,probably,17
161,without,0,getting,54
162,great,0,half,14
163,used,0,pack,1
164,yeah,0,day,25
165,doing,0,secondhand,1
166,give,0,smoke,4
167,though,0,suggest,4
168,enough,0,bad,35
169,different,0,since,21
170,little,0,had,65
171,through,0,presence,4
172,may,0,mind,14
173,both,0,step,5
174,own,0,outside,4
175,post,0,that's,62
176,put,0,enabling,4
177,makes,0,shouldn't,18
178,shit,0,do,111
179,love,0,have,223
180,try,0,ask,16
181,keep,0,him,188
182,having,0,soon,8
183,year,0,show,7
184,ever,0,messages,4
185,another,0,his,228
186,trying,0,very,36
187,big,0,he,268
188,day,0,should,58
189,saying,0,done,30
190,least,0,call,16
191,come,0,person,47
192,part,0,say,27
193,nothing,0,something,76
194,less,0,along,11
195,everyone,0,lines,4
196,money,0,message,3
197,already,0,love,8
198,guy,0,carrying,2
199,thought,0,my,65
200,against,0,child,29
201,hard,0,threaten,1
202,end,0,both,33
203,bit,0,lives,11
204,person,0,apology,7
205,kind,0,can,75
206,far,0,make,89
207,until,0,i'm,50
208,yes,0,don't,117
209,fucking,0,ever,26
210,making,0,contact,9
211,such,0,me,56
212,seems,0,family,50
213,using,0,again,23
214,read,0,in,409
215,old,0,bf's,1
216,games,0,place,19
217,life,0,would,108
218,able,0,been,66
219,reason,0,physical,2
220,man,0,confrontation,2
221,real,0,likely,20
222,tell,0,violence,3
223,high,0,ensued,1
224,let,0,fact,7
225,once,0,he's,85
226,world,0,prodding,1
227,believe,0,taking,36
228,next,0,action,2
229,team,0,approaches,1
230,start,0,absolute,1
231,anyone,0,minimum,2
232,either,0,warranted,2
233,fuck,0,things,46
234,help,0,nor,7
235,fact,0,bode,1
236,between,0,well,32
237,everything,0,future,7
238,free,0,relationship,58
239,done,0,life,57
240,looking,0,literally,6
241,show,0,danger,2
242,seen,0,what,158
243,whole,0,doing,66
244,dont,0,prefer,2
245,each,0,saunter,1
246,oh,0,over,59
247,problem,0,excuse,6
248,stuff,0,did,56
249,please,0,electrocuted,1
250,top,0,set,9
251,away,0,ablaze,1
252,idea,0,consider,9
253,talking,0,alternative,2
254,gets,0,approach,5
255,looks,0,situation,15
256,went,0,demanded,1
257,understand,0,level,13
258,almost,0,response,11
259,run,0,concern,4
260,again,0,safety,7
261,buy,0,guy,35
262,change,0,designed,2
263,else,0,prongs,1
264,means,0,break,8
265,case,0,off,39
266,full,0,socket,1
267,pay,0,easily,1
268,instead,0,more,74
269,wrong,0,concerned,3
270,times,0,functionality,1
271,stop,0,durability,1
272,live,0,than,76
273,place,0,looking,14
274,playing,0,pretty,20
275,definitely,0,comments,4
276,rather,0,apple's,1
277,de,0,designs,1
278,remember,0,never,32
279,care,0,taken,2
280,call,0,spot,3
281,likely,0,where,27
282,left,0,need,52
283,nice,0,help,23
284,set,0,there's,49
285,especially,0,two,22
286,agree,0,people,136
287,im,0,pointing,2
288,power,0,steps,4
289,level,0,leading,2
290,guess,0,inadvisable,1
291,usually,0,doesn't,55
292,under,0,necessarily,2
293,second,0,continue,6
294,guys,0,repeat,2
295,s,0,exact,2
296,quite,0,got,51
297,hope,0,difficult,7
298,exactly,0,demanding,10
299,based,0,who,42
300,single,0,started,2
301,job,0,helping,6
302,unless,0,also,31
303,basically,0,efforts,3
304,found,0,supreme,1
305,hit,0,territory,2
306,players,0,wonder,1
307,seem,0,douche,1
308,literally,0,husband,25
309,completely,0,went,17
310,small,0,quiverfull,2
311,system,0,movement,2
312,women,0,understands,2
313,god,0,each,13
314,must,0,putting,16
315,side,0,wife's,5
316,comes,0,stake,1
317,however,0,aware,4
318,wanted,0,hardship,1
319,support,0,through,25
320,during,0,support,22
321,started,0,repeating,3
322,half,0,same,33
323,worth,0,worse,15
324,came,0,obviously,11
325,question,0,wife,31
326,watch,0,team,1
327,hate,0,suited,1
328,state,0,other,62
329,ask,0,astronomical,1
330,comment,0,levels,1
331,trump,0,self,7
332,edit,0,centeredness,1
333,black,0,importance,1
334,fun,0,neither,8
335,needs,0,stop,26
336,video,0,destructive,2
337,white,0,behaviors,4
338,non,0,starting,3
339,yet,0,towards,8
340,says,0,environment,3
341,TRUE,0,unless,4
342,matter,0,consequences,21
343,took,0,grow,5
344,x,0,really,94
345,name,0,question,5
346,called,0,whether,9
347,school,0,it's,138
348,course,0,worth,6
349,often,0,keep,45
350,thanks,0,world,14
351,taking,0,record,6
352,sounds,0,children,7
353,story,0,born,3
354,working,0,mother,4
355,mind,0,kids,52
356,talk,0,births,1
357,issue,0,lots,4
358,days,0,twins,2
359,home,0,know,64
360,government,0,try,15
361,goes,0,having,47
362,check,0,makes,27
363,k,0,feel,27
364,couple,0,high,10
365,car,0,percentage,1
366,easy,0,go,44
367,friends,0,military,7
368,entire,0,serious,6
369,played,0,issues,12
370,low,0,gives,6
371,super,0,results,3
372,wait,0,many,9
373,simply,0,cases,1
374,ones,0,surviving,1
375,whatever,0,goes,10
376,example,0,war,3
377,open,0,better,32
378,saw,0,killed,7
379,number,0,reasons,5
380,move,0,veterans,1
381,thank,0,less,20
382,sense,0,population,6
383,player,0,yet,9
384,others,0,homeless,3
385,sometimes,0,being,103
386,kids,0,abuse,6
387,line,0,isn't,36
388,given,0,tolerate,1
389,kill,0,places,3
390,men,0,won't,14
391,huge,0,argue,3
392,close,0,actually,22
393,deal,0,told,28
394,thinking,0,fill,2
395,yourself,0,send,5
396,told,0,inthengt,1
397,similar,0,back,44
398,turn,0,next,12
399,heard,0,dayyou,1
400,actual,0,responded,1
401,amount,0,by,81
402,gonna,0,i'd,8
403,week,0,hiring,2
404,hell,0,otherwise,4
405,sorry,0,defeating,1
406,honestly,0,purpose,4
407,possible,0,process,3
408,add,0,will,58
409,tried,0,work,28
410,three,0,can't,39
411,absolutely,0,began,2
412,hours,0,dangling,2
413,thats,0,possible,12
414,due,0,loss,3
415,hand,0,business,10
416,win,0,head,16
417,coming,0,trying,46
418,sort,0,reverse,2
419,experience,0,power,3
420,works,0,dynamic,3
421,past,0,employer,2
422,fine,0,employee,2
423,leave,0,kind,34
424,country,0,behavior,63
425,per,0,think,48
426,house,0,result,7
427,season,0,treated,6
428,myself,0,way,73
429,rest,0,example,2
430,family,0,oh,2
431,important,0,home,26
432,ago,0,today,5
433,damage,0,wait,3
434,head,0,give,20
435,removed,0,text,5
436,months,0,see,39
437,running,0,bring,6
438,wants,0,asks,3
439,rules,0,claim,3
440,become,0,left,14
441,whether,0,definitely,6
442,certain,0,you'll,5
443,control,0,screwed,1
444,takes,0,concludes,1
445,e,0,cheating,22
446,war,0,bit,17
447,pick,0,parents,23
448,happen,0,wanted,11
449,order,0,end,20
450,chance,0,schoolthat,1
451,party,0,turns,1
452,type,0,doubt,4
453,op,0,assholes,10
454,lost,0,pressure,8
455,except,0,has,70
456,cause,0,lot,30
457,human,0,damage,8
458,friend,0,benefit,5
459,water,0,could,57
460,self,0,guidance,1
461,happened,0,relationships,10
462,damn,0,ready,4
463,character,0,shitty,8
464,group,0,timetable,1
465,cool,0,moment,9
466,happy,0,crush,1
467,large,0,someone,77
468,current,0,disgusting,2
469,issues,0,monster,1
470,face,0,everyone,26
471,outside,0,sociopath,3
472,difference,0,loved,2
473,link,0,nothing,30
474,food,0,wrong,25
475,stupid,0,treating,14
476,build,0,worst,6
477,obviously,0,case,8
478,amp,0,scenarios,2
479,main,0,true,3
480,imagine,0,yelled,1
481,die,0,feelings,29
482,general,0,decide,7
483,public,0,likewise,3
484,higher,0,every,20
485,hear,0,return,6
486,sub,0,reacted,1
487,questions,0,confession,1
488,seeing,0,poorly,7
489,movie,0,fourth,2
490,later,0,rejected,2
491,behind,0,intercomnearly,1
492,ok,0,school,7
493,original,0,another,14
494,fight,0,seem,6
495,sound,0,career,1
496,american,0,let,27
497,plus,0,knowing,6
498,early,0,few,11
499,totally,0,class,3
500,word,0,define,1
501,cost,0,defines,1
502,front,0,incels,2
503,wish,0,marked,1
504,price,0,owed,2
505,sex,0,members,5
506,common,0,opposite,6
507,learn,0,gender,5
508,la,0,fixate,1
509,thread,0,alienate,2
510,mostly,0,anyone,22
511,clear,0,might,35
512,interesting,0,developed,1
513,law,0,tend,2
514,body,0,terms,4
515,class,0,statistics,2
516,vote,0,want,66
517,knew,0,avoid,6
518,fair,0,treat,15
519,within,0,pay,14
520,social,0,attention,5
521,answer,0,dictate,2
522,giving,0,manner,8
523,short,0,demeaning,4
524,information,0,while,35
525,cut,0,they're,29
526,bring,0,sex,11
527,lose,0,else,29
528,gun,0,hanging,6
529,stay,0,best,26
530,consider,0,puts,5
531,card,0,frame,4
532,personally,0,belittle,2
533,clearly,0,undermine,1
534,normal,0,find,16
535,company,0,weird,2
536,worse,0,fine,10
537,easily,0,tuned,1
538,night,0,react,2
539,above,0,desperate,2
540,personal,0,rather,14
541,minutes,0,seeking,3
542,longer,0,romantic,1
543,d,0,hit,2
544,specific,0,building,1
545,spend,0,friendship,8
546,happens,0,learn,12
547,history,0,comfortable,6
548,gave,0,talking,8
549,themselves,0,you've,21
550,hey,0,skills,1
551,phone,0,improve,7
552,posts,0,tldr,1
553,points,0,much,40
554,asking,0,surrounded,1
555,seriously,0,number,5
556,red,0,chunk,2
557,certainly,0,fish,1
558,expect,0,supermarket,2
559,watching,0,salmon,1
560,hold,0,pets,5
561,content,0,emotional,9
562,eat,0,attachment,1
563,fan,0,equivalent,1
564,list,0,slaughtering,1
565,city,0,cat,3
566,light,0,feeding,3
567,asked,0,dog,13
568,problems,0,fuck,21
569,reading,0,person's,2
570,living,0,starts,8
571,drive,0,killing,2
572,opinion,0,animals,2
573,argument,0,none,7
574,extra,0,fucking,13
575,kinda,0,belonged,1
576,generally,0,housemate,2
577,poor,0,gets,16
578,together,0,appropriate,10
579,evidence,0,stuff,31
580,kid,0,explain,11
581,message,0,guests,5
582,looked,0,touching,1
583,supposed,0,gorefriend,1
584,enjoy,0,explicitly,6
585,cannot,0,tell,30
586,middle,0,hands,6
587,along,0,anything,50
588,break,0,belongs,2
589,weird,0,until,23
590,book,0,offers,3
591,girl,0,heartfelt,4
592,business,0,replaces,1
593,situation,0,pet,5
594,following,0,murdered,1
595,near,0,tiny,7
596,rule,0,shit,17
597,although,0,single,9
598,quality,0,learns,2
599,news,0,boundaries,5
600,worked,0,you'd,21
601,several,0,didn't,49
602,shows,0,freak,1
603,dude,0,depends,1
604,average,0,leased,1
605,bought,0,under,13
606,comments,0,seat,5
607,bunch,0,absolutely,15
608,knows,0,zero,8
609,woman,0,sitting,11
610,lots,0,smart,1
611,felt,0,teach,4
612,value,0,younger,2
613,paid,0,generation,1
614,shot,0,lesson,6
615,lol,0,lt,1
616,realize,0,yta,11
617,save,0,use,12
618,meant,0,woman,3
619,room,0,vs,1
620,taken,0,women,6
621,parents,0,such,17
622,force,0,large,3
623,nobody,0,long,12
624,version,0,term,3
625,space,0,responsibility,7
626,death,0,problematic,1
627,series,0,turning,5
628,gives,0,between,6
629,major,0,adults,2
630,okay,0,themselves,7
631,teams,0,quite,5
632,political,0,small,10
633,area,0,apartment,4
634,source,0,enough,12
635,easier,0,strain,1
636,sell,0,ought,9
637,worst,0,bigger,7
638,fire,0,meantime,2
639,internet,0,spend,13
640,simple,0,visiting,1
641,ass,0,dogs,1
642,form,0,exposure,1
643,doubt,0,fun,5
644,market,0,chance,14
645,words,0,fear,9
646,month,0,evaporate,1
647,strong,0,nta,116
648,police,0,looks,15
649,straight,0,shady,2
650,reasons,0,waits,1
651,needed,0,still,34
652,states,0,ex,22
653,allowed,0,most,28
654,music,0,recent,2
655,lower,0,further,4
656,funny,0,gtshe,2
657,article,0,hung,2
658,assume,0,saying,9
659,dead,0,needed,11
660,future,0,followed,1
661,young,0,texted,1
662,data,0,later,10
663,multiple,0,company,11
664,cant,0,sounds,10
665,drop,0,teenager,3
666,media,0,cover,4
667,child,0,via,2
668,posted,0,instead,16
669,majority,0,calling,9
670,community,0,hear,2
671,favorite,0,what's,12
672,local,0,voice,1
673,tax,0,background,1
674,attack,0,room,16
675,decent,0,little,32
676,today,0,found,14
677,weeks,0,sign,5
678,term,0,cut,8
679,act,0,contactthey,1
680,otherwise,0,evaporated,1
681,mention,0,sudden,2
682,plan,0,angry,2
683,characters,0,away,22
684,known,0,quickly,1
685,fast,0,guy's,4
686,wonder,0,jealous,1
687,age,0,obvious,13
688,account,0,stays,1
689,crazy,0,close,9
690,trade,0,plan,3
691,google,0,regardless,14
692,towards,0,initiated,1
693,follow,0,sit,5
694,figure,0,down,28
695,amazing,0,projects,1
696,starting,0,appearance,5
697,en,0,she'd,14
698,feels,0,seems,6
699,currently,0,exclusive,2
700,health,0,previous,5
701,lack,0,esh,4
702,plenty,0,buddy,1
703,anti,0,likes,2
704,perfect,0,brag,2
705,send,0,remain,5
706,finally,0,hidden,1
707,c,0,incredibly,2
708,paying,0,stupid,6
709,beat,0,practically,1
710,speed,0,guarantees,3
711,fans,0,sooner,2
712,ability,0,doubly,2
713,fit,0,accessory,2
714,telling,0,tells,6
715,awesome,0,expects,1
716,across,0,secret,2
717,mine,0,remember,4
718,children,0,old,10
719,including,0,john,1
720,feeling,0,stuart,1
721,extremely,0,mill,1
722,stand,0,quote,2
723,position,0,men,7
724,doesnt,0,compass,1
725,allow,0,ends,4
726,b,0,triply,1
727,claim,0,low,4
728,unfortunately,0,road,3
729,interested,0,public,8
730,college,0,front,15
731,online,0,certain,6
732,random,0,nuclear,3
733,youre,0,option,9
734,itself,0,dirt,1
735,putting,0,pushing,2
736,throw,0,buttons,1
737,shitty,0,secretary's,1
738,terms,0,married,19
739,didnt,0,board,1
740,considered,0,fooling,1
741,explain,0,first,15
742,legal,0,past,5
743,submission,0,telling,16
744,calling,0,bragging,1
745,serious,0,stay,9
746,willing,0,treats,5
747,perhaps,0,supposed,7
748,available,0,care,25
749,considering,0,second,7
750,tv,0,mitigation,1
751,million,0,based,6
752,wow,0,anywhere,2
753,pass,0,near,3
754,decided,0,subject,1
755,dog,0,arguing,3
756,o,0,blows,1
757,glad,0,lose,6
758,total,0,control,17
759,soon,0,leaving,11
760,m,0,used,8
761,gone,0,asked,10
762,killed,0,nicely,1
763,hour,0,abdicate,1
764,late,0,parental,2
765,choose,0,grand,2
766,none,0,responsibilities,2
767,compared,0,respect,14
768,title,0,wouldn't,28
769,buying,0,line,4
770,match,0,respond,5
771,choice,0,spanking,1
772,base,0,inappropriate,6
773,pro,0,ntawhat,1
774,create,0,rest,11
775,turned,0,happy,15
776,store,0,longing,1
777,special,0,longs,1
778,view,0,eventually,7
779,t,0,former,3
780,action,0,miserable,2
781,further,0,due,4
782,picture,0,tie,1
783,depends,0,doped,1
784,complete,0,ten,2
785,g,0,years,18
786,correct,0,anymore,2
787,hot,0,marrying,4
788,dark,0,popping,1
789,terrible,0,kid,18
790,changed,0,owe,2
791,star,0,balance,2
792,alone,0,gotten,1
793,third,0,relevant,2
794,ways,0,insight,1
795,access,0,hurting,3
796,note,0,minimizing,1
797,spent,0,ending,5
798,pull,0,flaw,2
799,himself,0,recognizing,2
800,apparently,0,puzzle,3
801,keeping,0,pieces,4
802,rate,0,match,3
803,air,0,let's,2
804,avoid,0,grandfather,1
805,changes,0,writing,1
806,places,0,racist,4
807,size,0,written,1
808,option,0,share,6
809,relationship,0,split,1
810,america,0,among,1
811,wife,0,remaining,3
812,report,0,we,22
813,cards,0,they'd,8
814,difficult,0,donate,3
815,write,0,huge,9
816,rights,0,trump's,1
817,building,0,legal,8
818,standard,0,defense,3
819,league,0,fund,3
820,cheap,0,rick,1
821,piece,0,santorum,1
822,popular,0,kkk,1
823,test,0,sure,29
824,weight,0,money,33
825,exact,0,works,4
826,service,0,usb,3
827,ball,0,drive,7
828,anyway,0,our,12
829,lead,0,tv,2
830,walk,0,stand,8
831,countries,0,hide,3
832,fix,0,unmarked,1
833,nearly,0,communal,1
834,moving,0,area,3
835,despite,0,especially,13
836,parts,0,full,9
837,eventually,0,incriminating,1
838,regular,0,documentation,1
839,companies,0,marks,1
840,recommend,0,washed,1
841,focus,0,months,11
842,result,0,ago,2
843,continue,0,gave,9
844,mentioned,0,verify,2
845,moment,0,year,15
846,specifically,0,living,14
847,step,0,space,3
848,basic,0,answer,5
849,numbers,0,using,3
850,forget,0,mementos,2
851,page,0,regret,3
852,effect,0,revisit,1
853,biggest,0,reminisce,1
854,range,0,met,5
855,inside,0,himi,1
856,blue,0,clear,9
857,id,0,proof,4
858,possibly,0,nudes,3
859,fall,0,dirty,2
860,style,0,chat,3
861,ended,0,earlier,3
862,trust,0,lying,19
863,tend,0,cannot,8
864,related,0,snooping,2
865,double,0,planning,6
866,entirely,0,able,18
867,p,0,trustworthy,1
868,bet,0,cheated,3
869,private,0,bf,8
870,directly,0,ended,6
871,y,0,appears,2
872,prefer,0,side,14
873,provide,0,needs,20
874,gotten,0,thrill,1
875,ive,0,fulfilled,2
876,english,0,marry,3
877,hurt,0,sort,13
878,military,0,memo,1
879,risk,0,fields,1
880,laws,0,squirrel,1
881,fairly,0,massage,1
882,expensive,0,muskrat,1
883,com,0,shampooing,1
884,interest,0,check,2
885,society,0,paying,14
886,obvious,0,rude,6
887,recently,0,creepy,2
888,kept,0,continuing,2
889,safe,0,knock,3
890,hands,0,noises,1
891,un,0,scream,1
892,modern,0,top,7
893,respect,0,lungs,1
894,process,0,runs,2
895,built,0,minds,1
896,defense,0,ntaoh,1
897,assuming,0,yes,10
898,massive,0,mean,21
899,release,0,upset,9
900,stick,0,available,2
901,bigger,0,accepting,5
902,waiting,0,gifts,1
903,won,0,implied,1
904,quick,0,understanding,4
905,share,0,advances,3
906,surprised,0,propositions,1
907,beyond,0,guys,22
908,sign,0,take,44
909,older,0,rejection,2
910,isnt,0,risking,1
911,added,0,yours,13
912,killing,0,sor,1
913,regardless,0,others,15
914,attention,0,reaction,10
915,include,0,ability,8
916,slow,0,resist,2
917,somehow,0,temptation,2
918,energy,0,somehow,3
919,image,0,formidable,1
920,gay,0,hers,4
921,re,0,wearing,9
922,discussion,0,ring,14
923,worry,0,club,2
924,speak,0,accept,4
925,loved,0,drinks,11
926,offer,0,buying,5
927,meme,0,clean,6
928,writing,0,untoward,1
929,posting,0,pall,1
930,gold,0,donkey,1
931,four,0,dick,1
932,wear,0,doug,1
933,bot,0,everything,5
934,mom,0,increase,3
935,joke,0,chances,4
936,particular,0,raise,2
937,race,0,promotion,1
938,sit,0,boss,4
939,miss,0,lady,2
940,somewhere,0,whatever,5
941,physical,0,deceptive,1
942,fully,0,ignore,1
943,zero,0,simple,3
944,missing,0,fraud,1
945,text,0,theft,6
946,ton,0,copacetic,1
947,listen,0,exhibits,1
948,slightly,0,character,6
949,liked,0,trait,2
950,uses,0,spouses,1
951,push,0,qualities,1
952,contact,0,partners,1
953,solid,0,yeah,7
954,land,0,bank,3
955,president,0,account,3
956,knowing,0,benefits,2
957,watched,0,added,1
958,cover,0,risks,4
959,r,0,hopefully,2
960,v,0,often,6
961,forward,0,strangers,4
962,se,0,odds,3
963,fighting,0,ripping,2
964,ground,0,expect,8
965,effort,0,context,3
966,girls,0,perhaps,8
967,reality,0,post,9
968,final,0,raskwomen,1
969,response,0,policy,2
970,advice,0,free,15
971,aware,0,clubs,8
972,accept,0,ethically,1
973,jobs,0,morally,1
974,hopefully,0,bankrupt,1
975,losing,0,xanax,1
976,decide,0,drugs,4
977,suggest,0,girl,4
978,created,0,buy,9
979,exist,0,drink,13
980,box,0,naive,1
981,books,0,girls,2
982,fucked,0,conversation,14
983,hes,0,overwhelming,1
984,screen,0,majority,4
985,remove,0,goal,1
986,computer,0,wedding,16
987,potential,0,affecting,2
988,skill,0,ladies',1
989,lives,0,nights,2
990,dad,0,dancing,2
991,wall,0,allowed,2
992,brought,0,talk,12
993,episode,0,peoplei,1
994,cars,0,disagree,3
995,sad,0,slightest,2
996,items,0,hey,1
997,stopped,0,affect,3
998,thinks,0,brought,2
999,code,0,doesnt,2
1000,switch,0,im,3
1001,guns,0,obligation,3
1002,truly,0,change,14
1003,research,0,whichever,1
1004,disagree,0,deception,1
1005,written,0,allowing,2
1006,field,0,believe,5
1007,argue,0,far,6
1008,overall,0,greater,2
1009,driving,0,offense,2
1010,jesus,0,scheme,1
1011,eating,0,shittiness,1
1012,heavy,0,jaywalking,1
1013,credit,0,murder,1
1014,site,0,akin,1
1015,bullshit,0,parking,3
1016,baby,0,handicapped,1
1017,increase,0,placard,1
1018,meet,0,damages,2
1019,eyes,0,defrauded,1
1020,clean,0,size,2
1021,weapons,0,i'll,5
1022,science,0,admit,3
1023,luck,0,inadvertently,1
1024,recent,0,overemphasizing,1
1025,goal,0,occurring,1
1026,key,0,flatly,1
1027,date,0,these,22
1028,carry,0,prevalent,1
1029,fat,0,sphincter,1
1030,notice,0,personality,2
1031,language,0,disorderincels,1
1032,song,0,exist,1
1033,search,0,safe,12
1034,depending,0,harm,1
1035,core,0,stalkers,1
1036,ready,0,immediately,5
1037,design,0,acquiescing,1
1038,blood,0,else's,6
1039,user,0,viewpoint,1
1040,involved,0,limits,1
1041,movies,0,besides,3
1042,female,0,yourselves,1
1043,male,0,flirting,2
1044,earth,0,stringing,1
1045,holy,0,agree,5
1046,highly,0,deliberately,1
1047,charge,0,indicating,1
1048,via,0,andor,3
1049,incredibly,0,string,1
1050,turns,0,ice,2
1051,event,0,opener,1
1052,previous,0,words,7
1053,honest,0,progress,4
1054,round,0,date,10
1055,mid,0,difference,3
1056,deep,0,i've,12
1057,dumb,0,known,4
1058,record,0,several,7
1059,green,0,wear,3
1060,quickly,0,rings,4
1061,culture,0,finger,4
1062,film,0,discourage,1
1063,blame,0,unwanted,2
1064,ah,0,friendly,3
1065,met,0,direction,4
1066,plays,0,disrespectful,1
1067,require,0,reading,2
1068,limited,0,thread,2
1069,office,0,knows,8
1070,religious,0,almost,5
1071,hair,0,cash,8
1072,sitting,0,alcohol,8
1073,useful,0,costs,3
1074,road,0,per,1
1075,door,0,liter,2
1076,mother,0,gasoline,2
1077,u,0,its,8
1078,understanding,0,nature,2
1079,learned,0,deceiving,5
1080,starts,0,sake,3
1081,brain,0,profit,1
1082,nor,0,wallet,2
1083,count,0,loses,1
1084,religion,0,gain,2
1085,immediately,0,converted,1
1086,lets,0,nice,5
1087,illegal,0,soul,1
1088,context,0,mate,1
1089,pain,0,search,2
1090,bottom,0,picture,3
1091,according,0,inclined,2
1092,meaning,0,ultimate,1
1093,population,0,gatekeeper,1
1094,forced,0,consume,1
1095,prove,0,night,11
1096,harder,0,order,11
1097,moved,0,lownon,1
1098,became,0,alcoholic,1
1099,handle,0,bothers,1
1100,perfectly,0,gamble,1
1101,enemy,0,handle,3
1102,finding,0,playing,1
1103,art,0,interaction,1
1104,sexual,0,intentionally,1
1105,knowledge,0,giving,13
1106,helps,0,moral,1
1107,f,0,ground,1
1108,magic,0,victim,3
1109,reach,0,solution,3
1110,shoot,0,behaving,4
1111,reasonable,0,ish,2
1112,options,0,desserts,1
1113,windows,0,unintended,1
1114,showing,0,victims,2
1115,spot,0,post's,1
1116,return,0,op,5
1117,five,0,feels,7
1118,ignore,0,insulted,1
1119,court,0,suspects,1
1120,weapon,0,understand,12
1121,costs,0,minutia,1
1122,smaller,0,picking,3
1123,south,0,loathe,1
1124,negative,0,haven't,7
1125,racist,0,foot,7
1126,smart,0,may,16
1127,decision,0,couldwould,1
1128,gotta,0,rightly,1
1129,becomes,0,personal,8
1130,anywhere,0,observations,1
1131,upon,0,televisionmovies,1
1132,bar,0,read,2
1133,seemed,0,commentsposts,1
1134,map,0,reddit,2
1135,natural,0,horse,2
1136,helping,0,race,2
1137,mental,0,encounter,1
1138,faster,0,situations,3
1139,individual,0,effort,5
1140,medical,0,empathy,3
1141,national,0,honesty,1
1142,missed,0,civility,1
1143,sold,0,thank,2
1144,eye,0,engaging,1
1145,north,0,discussion,10
1146,model,0,enjoyed,2
1147,benefit,0,organize,1
1148,holding,0,thoughts,3
1149,impossible,0,topic,5
1150,theres,0,calm,3
1151,scene,0,dude,1
1152,rich,0,sorry,4
1153,cases,0,screaming,5
1154,essentially,0,tonight,1
1155,thus,0,ethical,2
1156,bill,0,spent,5
1157,drink,0,distressing,1
1158,hoping,0,finds,1
1159,mass,0,unintentionally,1
1160,sent,0,cheat,3
1161,united,0,security,1
1162,track,0,buys,1
1163,broken,0,obligated,1
1164,necessarily,0,provide,2
1165,skin,0,run,7
1166,selling,0,lied,4
1167,stuck,0,issue,9
1168,onto,0,beforehand,3
1169,constantly,0,common,3
1170,direct,0,countries,2
1171,youtube,0,considering,6
1172,theory,0,took,12
1173,mods,0,targeting,1
1174,board,0,aggrieved,2
1175,training,0,party,11
1176,leaving,0,guarantee,3
1177,neither,0,examine,1
1178,security,0,thanks,3
1179,ahead,0,threads,1
1180,proper,0,confused,1
1181,therefore,0,clears,1
1182,speaking,0,appear,3
1183,voice,0,qualms,1
1184,info,0,folks,9
1185,learning,0,financial,3
1186,sleep,0,please,4
1187,jump,0,realized,1
1188,oil,0,add,1
1189,taxes,0,hope,9
1190,powerful,0,comment,9
1191,groups,0,decipher,1
1192,color,0,exactly,15
1193,besides,0,means,15
1194,product,0,decades,3
1195,mod,0,bought,5
1196,income,0,metaphorically,1
1197,lines,0,speaking,2
1198,heart,0,happens,5
1199,statement,0,honest,6
1200,spending,0,forget,2
1201,practice,0,morning,3
1202,particularly,0,mislead,1
1203,released,0,specifically,4
1204,barely,0,removing,2
1205,stories,0,normally,1
1206,afford,0,advocating,1
1207,definition,0,behalf,1
1208,regarding,0,begin,1
1209,positive,0,myself,1
1210,twice,0,extended,2
1211,died,0,tried,4
1212,cold,0,purchase,1
1213,evil,0,liquor,2
1214,son,0,pants,1
1215,app,0,points,3
1216,americans,0,expense,3
1217,fake,0,unethical,2
1218,role,0,jane,2
1219,catch,0,marriedperson,2
1220,performance,0,purposely,1
1221,click,0,wasting,2
1222,target,0,version,1
1223,insurance,0,assume,5
1224,humans,0,insulting,1
1225,fear,0,proper,2
1226,truth,0,names,3
1227,required,0,taught,3
1228,seconds,0,derogatory,1
1229,apply,0,win,4
1230,caught,0,offensive,1
1231,grow,0,reconsider,1
1232,policy,0,viewpoints,1
1233,gear,0,tirade,1
1234,paper,0,promised,3
1235,proof,0,contract,1
1236,runs,0,promise,3
1237,larger,0,decided,4
1238,walking,0,biting,1
1239,w,0,hand,6
1240,gaming,0,despite,6
1241,server,0,party's,1
1242,born,0,mantra,1
1243,crime,0,arbitrarily,1
1244,whenever,0,condition,11
1245,town,0,choosing,1
1246,results,0,meet,3
1247,block,0,suggests,4
1248,daily,0,considers,2
1249,among,0,views,2
1250,minute,0,adopted,2
1251,links,0,siblings,3
1252,below,0,hate,5
1253,wearing,0,filled,3
1254,lived,0,outlook,1
1255,winning,0,moderate,2
1256,users,0,insults,1
1257,waste,0,name,4
1258,china,0,tolerated,1
1259,happening,0,interactions,2
1260,levels,0,ifwhen,1
1261,conversation,0,announce,3
1262,ideas,0,acceptable,4
1263,relevant,0,visit,3
1264,street,0,minute,1
1265,various,0,he'll,10
1266,shooting,0,either,15
1267,attempt,0,outgrows,1
1268,doctor,0,distance,2
1269,members,0,himself,10
1270,steam,0,masturbating,1
1271,noticed,0,ideological,1
1272,ship,0,fantasies,1
1273,picked,0,adult,14
1274,ice,0,vary,1
1275,dick,0,withdraw,1
1276,stock,0,accordance,1
1277,roll,0,am,5
1278,changing,0,slightly,2
1279,ran,0,stunned,1
1280,realized,0,chose,4
1281,separate,0,mike,2
1282,prices,0,irl,1
1283,removal,0,bil,4
1284,reply,0,similar,1
1285,ill,0,disorder,2
1286,max,0,',1
1287,breaks,0,election,1
1288,minimum,0,ranting,2
1289,cash,0,voting,1
1290,expected,0,candidate,2
1291,tank,0,president,1
1292,shut,0,rifle,1
1293,battle,0,convincing,2
1294,apple,0,vote,3
1295,advantage,0,shooting,2
1296,el,0,ones,4
1297,cat,0,luckily,1
1298,program,0,he'd,15
1299,gender,0,rants,1
1300,wanting,0,fist,1
1301,score,0,fights,1
1302,breaking,0,color,4
1303,areas,0,filling,1
1304,actions,0,tank,1
1305,requires,0,gas,1
1306,wont,0,station,1
1307,somebody,0,pulled,2
1308,russia,0,gun,2
1309,touch,0,father,6
1310,skills,0,disagreeing,1
1311,wrote,0,mexicans,1
1312,tech,0,ruining,3
1313,draw,0,towing,1
1314,events,0,industry,1
1315,held,0,plotting,1
1316,appreciate,0,white,1
1317,mode,0,field,2
1318,acting,0,violent,3
1319,football,0,outbursts,2
1320,pop,0,pointed,2
1321,keeps,0,constructive,1
1322,prevent,0,ways,5
1323,campaign,0,convince,3
1324,concept,0,cps,2
1325,official,0,filed,2
1326,father,0,restraining,2
1327,ridiculous,0,neighbor,1
1328,designed,0,dropped,3
1329,degree,0,dime,1
1330,finish,0,salvageable,1
1331,cheaper,0,knew,18
1332,voting,0,ntagt,9
1333,update,0,lists,1
1334,aside,0,intended,2
1335,period,0,private,4
1336,trouble,0,serving,1
1337,rock,0,essentially,2
1338,nature,0,notes,1
1339,significant,0,subsequent,1
1340,church,0,meeting,1
1341,topic,0,overstepping,1
1342,yep,0,violating,1
1343,admit,0,privacy,5
1344,boss,0,extremely,5
1345,pictures,0,list,2
1346,loss,0,anyway,3
1347,rape,0,worked,4
1348,study,0,harder,4
1349,impact,0,herself,10
1350,memory,0,minutes,6
1351,opposite,0,job,22
1352,thousands,0,spending,7
1353,sick,0,learning,2
1354,education,0,function,1
1355,forgot,0,conventional,1
1356,healthy,0,lets,3
1357,agreed,0,except,2
1358,west,0,normal,3
1359,anymore,0,caregivers,1
1360,career,0,secrets,1
1361,logic,0,warrant,2
1362,join,0,becoming,2
1363,train,0,accusing,1
1364,helped,0,guilty,2
1365,counter,0,insecure,2
1366,somewhat,0,truth,5
1367,sucks,0,once,10
1368,rare,0,fixating,1
1369,purpose,0,sister's,3
1370,horrible,0,became,3
1371,suddenly,0,stopped,3
1372,pressure,0,coffee,5
1373,protect,0,trip,4
1374,earlier,0,suddenly,4
1375,dank,0,sleeping,7
1376,FALSE,0,barista,2
1377,drug,0,market,1
1378,gain,0,minivan,1
1379,types,0,watching,5
1380,wanna,0,prognosis,1
1381,replace,0,tbh,2
1382,adding,0,broadcast,1
1383,solution,0,remind,3
1384,balance,0,working,10
1385,camera,0,awfully,1
1386,property,0,hard,9
1387,item,0,derive,1
1388,active,0,meanings,1
1389,necessary,0,wrote,1
1390,ban,0,dispel,2
1391,lucky,0,misapprehensions,1
1392,likes,0,entitled,4
1393,technically,0,misogynist,1
1394,brother,0,patriarchy,1
1395,universe,0,responding,1
1396,amazon,0,bonds,1
1397,showed,0,overcome,2
1398,linked,0,preservation,1
1399,finished,0,toxic,4
1400,combat,0,decade,3
1401,closer,0,atone,1
1402,deck,0,mend,1
1403,mad,0,approaching,2
1404,claims,0,genuine,1
1405,fixed,0,fixed,1
1406,software,0,broken,10
1407,dollars,0,she'll,10
1408,bother,0,initiate,1
1409,ex,0,sibling,2
1410,systems,0,hug,2
1411,effects,0,unpleasant,1
1412,gas,0,firewood,1
1413,tiny,0,stoke,1
1414,federal,0,fire,3
1415,tons,0,simmering,1
1416,brand,0,bucket,3
1417,setting,0,spite,1
1418,ad,0,heal,2
1419,election,0,sees,7
1420,dangerous,0,wounds,2
1421,canada,0,caused,6
1422,crap,0,mistreating,2
1423,project,0,scabs,1
1424,travel,0,injuries,2
1425,industry,0,female,1
1426,hero,0,heat,1
1427,economic,0,yard,4
1428,boy,0,baiting,1
1429,machine,0,neighbors,3
1430,tough,0,shoot,1
1431,copy,0,junkies,1
1432,effective,0,leave,13
1433,yea,0,heaping,1
1434,unique,0,plates,1
1435,judge,0,crack,1
1436,movement,0,random,5
1437,limit,0,wildlife,1
1438,violence,0,great,4
1439,equal,0,accidentally,1
1440,normally,0,kill,2
1441,absolute,0,injure,1
1442,bank,0,prison,5
1443,deserve,0,sociopaths,1
1444,theyre,0,snapped,1
1445,heat,0,skin,3
1446,caused,0,buddies,1
1447,figured,0,hardware,1
1448,press,0,store,5
1449,allows,0,crappy,1
1450,broke,0,conflict,2
1451,facebook,0,resolution,1
1452,anime,0,ex's,3
1453,awful,0,bar,3
1454,center,0,hammered,1
1455,subject,0,opium,1
1456,haha,0,den,1
1457,er,0,reasonably,1
1458,politics,0,pit,1
1459,feet,0,fighting,1
1460,wars,0,cuts,1
1461,fault,0,bruises,1
1462,chinese,0,sister,21
1463,king,0,possibly,11
1464,n,0,suggesting,4
1465,contract,0,repay,4
1466,europe,0,stole,3
1467,letting,0,backsies,1
1468,treat,0,precious,1
1469,ends,0,eggs,2
1470,beer,0,watch,4
1471,beautiful,0,poured,1
1472,dropped,0,bleach,1
1473,afraid,0,ugly,2
1474,armor,0,temerity,1
1475,sports,0,inconvenient,1
1476,bed,0,thinks,8
1477,nope,0,comparable,1
1478,relatively,0,appeal,1
1479,everybody,0,imagine,4
1480,flat,0,slights,1
1481,hillary,0,everyday,2
1482,morning,0,occurrences,1
1483,development,0,validate,4
1484,metal,0,overreacting,2
1485,typically,0,delusion,3
1486,beginning,0,pregnancy,7
1487,tells,0,entered,1
1488,republicans,0,third,5
1489,names,0,clinging,1
1490,compare,0,handing,1
1491,calls,0,midwives,1
1492,budget,0,feed,2
1493,scale,0,flowing,2
1494,freedom,0,con,1
1495,comfortable,0,artists,1
1496,club,0,always,12
1497,resources,0,prices,2
1498,rid,0,progresses,1
1499,tier,0,payment,2
1500,clinton,0,baby's,1
1501,shown,0,chakras,1
1502,throwing,0,realigned,1
1503,mobile,0,auras,1
1504,net,0,collimated,1
1505,students,0,finally,3
1506,voted,0,deliver,1
1507,banned,0,baby,2
1508,sweet,0,pregnancies,1
1509,address,0,reach,2
1510,western,0,yearsthe,1
1511,present,0,world's,2
1512,civil,0,longest,1
1513,hi,0,days,3
1514,foreign,0,multiple,5
1515,album,0,beaten,2
1516,website,0,heard,2
1517,defend,0,expand,1
1518,button,0,general,4
1519,dogs,0,include,5
1520,standing,0,medical,8
1521,responsible,0,professionals,1
1522,annoying,0,opinion,3
1523,ten,0,non,8
1524,weak,0,professional,6
1525,student,0,variation,1
1526,russian,0,anosognosiahttpsen,1
1527,excuse,0,wikipedia,2
1528,failed,0,orgwikianosognosia,1
1529,economy,0,strokes,1
1530,si,0,entire,5
1531,summer,0,limb,1
1532,band,0,completely,6
1533,begin,0,paralyzed,1
1534,status,0,persistent,1
1535,lie,0,belief,2
1536,fill,0,arm,2
1537,christian,0,they'll,6
1538,married,0,waving,1
1539,growing,0,face,9
1540,cast,0,limply,1
1541,curious,0,wondering,2
1542,file,0,doctor,6
1543,millions,0,we're,6
1544,six,0,seeing,9
1545,bike,0,induce,2
1546,giant,0,reached,3
1547,speech,0,n,2
1548,professional,0,parts,4
1549,hits,0,lie,3
1550,passed,0,conception,2
1551,pulled,0,various,2
1552,managed,0,discrepancy,2
1553,liberal,0,save,4
1554,pure,0,research,2
1555,battery,0,beyond,8
1556,properly,0,length,2
1557,angry,0,gestation,2
1558,miles,0,fairly,2
1559,park,0,eaten,1
1560,cross,0,hamster,1
1561,split,0,ntait's,1
1562,animals,0,enablers,1
1563,suppose,0,matter,4
1564,production,0,sil,3
1565,attacks,0,overdose,1
1566,primary,0,manage,1
1567,meat,0,addiction,1
1568,network,0,philip,1
1569,capable,0,seymour,1
1570,suck,0,hoffman,1
1571,affect,0,daughter,13
1572,supply,0,leaves,4
1573,worried,0,pile,1
1574,cops,0,heroin,2
1575,upset,0,human,13
1576,ride,0,arrangements,2
1577,behavior,0,favor,5
1578,republican,0,loads,1
1579,safety,0,passed,2
1580,husband,0,arrive,2
1581,drugs,0,kept,6
1582,former,0,custody,5
1583,wide,0,niece,1
1584,rarely,0,dead,7
1585,shop,0,hooked,1
1586,sales,0,reaches,1
1587,becoming,0,fianc,2
1588,japanese,0,senses,1
1589,east,0,crawling,1
1590,successful,0,cave,1
1591,classes,0,exhibited,1
1592,improve,0,scenario,2
1593,indeed,0,blew,2
1594,wing,0,car,16
1595,folks,0,repairs,2
1596,table,0,saving,3
1597,opportunity,0,vacation,5
1598,talked,0,owes,3
1599,kick,0,week,8
1600,welcome,0,repairsmaintenance,1
1601,turning,0,hitting,4
1602,reference,0,fix,9
1603,murder,0,misery,1
1604,excited,0,loaning,1
1605,mistake,0,monetary,1
1606,apart,0,shortcomings,1
1607,wins,0,learned,4
1608,review,0,management,1
1609,arguing,0,part,24
1610,sources,0,drops,1
1611,secret,0,essential,1
1612,facts,0,impulse,1
1613,tired,0,borrow,3
1614,hundreds,0,dad,9
1615,engine,0,whining,1
1616,conservative,0,partial,1
1617,member,0,resource,2
1618,details,0,cars,3
1619,john,0,lethal,1
1620,opinions,0,weapons,1
1621,benefits,0,rule,2
1622,ending,0,driver,2
1623,moral,0,operation,1
1624,load,0,ticket,4
1625,solo,0,passenger,2
1626,hitting,0,street,5
1627,fly,0,behind,2
1628,pushing,0,wheel,1
1629,cap,0,bears,1
1630,marriage,0,greatest,1
1631,material,0,event,2
1632,adult,0,mishaps,1
1633,odd,0,guessing,3
1634,democrats,0,refuse,3
1635,faith,0,speed,2
1636,silly,0,camera,1
1637,extreme,0,new,10
1638,army,0,transmission,2
1639,hang,0,shove,1
1640,referring,0,gear,1
1641,drinking,0,clutch,1
1642,appears,0,teeth,2
1643,fail,0,funny,3
1644,technology,0,price,2
1645,pack,0,joke,2
1646,services,0,jokes,2
1647,plot,0,immature,1
1648,wondering,0,bitch,4
1649,demand,0,deserve,1
1650,till,0,patience,1
1651,drunk,0,showing,2
1652,financial,0,mental,2
1653,error,0,health,6
1654,british,0,responsible,5
1655,highest,0,lazy,1
1656,reaction,0,sleepingthat,1
1657,spread,0,raging,1
1658,slowly,0,disrespect,4
1659,sides,0,rent,10
1660,animal,0,expenses,2
1661,wouldnt,0,household,4
1662,raise,0,chores,1
1663,teach,0,aren't,13
1664,lane,0,address,7
1665,auto,0,conveniently,1
1666,background,0,glossing,1
1667,perspective,0,hell,2
1668,puts,0,breakfast,1
1669,schools,0,fetal,1
1670,accurate,0,syndrome,1
1671,planning,0,addicted,1
1672,asshole,0,riddled,1
1673,driver,0,developmental,1
1674,strange,0,deformities,1
1675,boring,0,unheated,1
1676,quote,0,infested,1
1677,german,0,carnivorous,1
1678,traffic,0,insects,1
1679,stated,0,neglectful,1
1680,minor,0,sell,1
1681,abuse,0,exchange,1
1682,success,0,die,2
1683,lying,0,neglect,2
1684,grew,0,teen,1
1685,examples,0,waiting,1
1686,hearing,0,abortion,1
1687,complex,0,kindest,2
1688,taste,0,short,4
1689,foot,0,early,2
1690,valid,0,miscarriage,1
1691,master,0,creating,5
1692,throughout,0,torture,3
1693,confused,0,death,2
1694,burn,0,mom,21
1695,feelings,0,super,1
1696,arms,0,grandma,1
1697,automatically,0,powers,1
1698,complain,0,diagnosis,2
1699,debate,0,description,3
1700,competitive,0,itwas,1
1701,mark,0,feeling,9
1702,shots,0,thats,1
1703,console,0,generally,2
1704,wasnt,0,minor,2
1705,smoke,0,annoyance,4
1706,covered,0,evergt,1
1707,kills,0,tokophobia,1
1708,bringing,0,thatll,1
1709,mix,0,anxiety,2
1710,approach,0,ahead,4
1711,exists,0,twice,2
1712,additional,0,five,1
1713,upgrade,0,emphatically,1
1714,grab,0,label,1
1715,profit,0,peoples,1
1716,email,0,significant,2
1717,al,0,rapists,2
1718,appear,0,havent,1
1719,strength,0,sowhy,1
1720,heavily,0,resistant,1
1721,cup,0,definition,3
1722,concerned,0,rape,3
1723,floor,0,absence,1
1724,threat,0,trauma,4
1725,whose,0,perception,1
1726,quit,0,thoroughly,2
1727,trip,0,proves,2
1728,section,0,sterile,1
1729,photo,0,amphibian,1
1730,dealing,0,spelling,1
1731,insane,0,sicilian,1
1732,named,0,sick,2
1733,distance,0,pathogen,1
1734,led,0,machine,1
1735,fantasy,0,facilities,2
1736,bonus,0,require,2
1737,french,0,diarrhea,1
1738,bitch,0,hours,8
1739,anybody,0,they've,6
1740,views,0,exposed,2
1741,workers,0,infection,1
1742,factor,0,irresponsible,4
1743,planet,0,expose,2
1744,destroy,0,unsupervised,1
1745,sister,0,floating,1
1746,visit,0,pool,3
1747,parties,0,delivered,1
1748,products,0,triplets,1
1749,shame,0,wake,1
1750,offense,0,throughout,1
1751,stage,0,witness,2
1752,creating,0,ron,1
1753,expecting,0,advantage,5
1754,enjoyed,0,cosby'd,1
1755,bag,0,state,3
1756,enemies,0,experience,4
1757,greater,0,drinking,2
1758,ring,0,previously,4
1759,flying,0,indicated,1
1760,arent,0,story,3
1761,sale,0,cooperation,1
1762,xbox,0,convinced,3
1763,direction,0,special,7
1764,blow,0,cancel,1
1765,includes,0,older,3
1766,dream,0,pedo,1
1767,dragon,0,bastards,1
1768,pieces,0,grooming,1
1769,thoughts,0,gaslighting,1
1770,opposed,0,specific,2
1771,device,0,arranged,1
1772,bible,0,nebulous,1
1773,coffee,0,it'd,1
1774,draft,0,understandable,2
1775,units,0,planned,1
1776,rates,0,paid,3
1777,chose,0,insisting,2
1778,nuclear,0,keeping,8
1779,features,0,score,1
1780,opening,0,brother,9
1781,germany,0,inheritance,1
1782,method,0,too,12
1783,picking,0,harsh,2
1784,fantastic,0,sf,1
1785,classic,0,piece,2
1786,supporting,0,truly,3
1787,chances,0,dedicated,2
1788,hardly,0,evil,1
1789,justice,0,nah,10
1790,episodes,0,fit,3
1791,pointing,0,together,6
1792,international,0,pass,3
1793,lazy,0,opportunity,4
1794,european,0,reflect,2
1795,instance,0,changed,3
1796,saved,0,move,17
1797,emotional,0,pointthat's,1
1798,treated,0,backs,1
1799,global,0,repeats,1
1800,listening,0,wordsactions,1
1801,kinds,0,objects,1
1802,younger,0,saysdoes,1
1803,window,0,exposing,1
1804,included,0,abusive,2
1805,potentially,0,agency,1
1806,cities,0,issuesfailings,1
1807,pissed,0,mormon,1
1808,matters,0,churchi,1
1809,pretend,0,church,2
1810,excellent,0,singular,1
1811,useless,0,glad,2
1812,edge,0,helped,1
1813,girlfriend,0,cult,3
1814,mess,0,aggressive,2
1815,arguments,0,isolating,1
1816,mouth,0,alienating,1
1817,frame,0,anyoneeveryone,1
1818,unit,0,bs,1
1819,wild,0,ear,1
1820,wage,0,anaheim,1
1821,path,0,welcome,1
1822,nation,0,luck,2
1823,manage,0,onehttpswww,1
1824,flair,0,redditcomramitheassholecommentsaurwiaita,1
1825,provided,0,cleaning,1
1826,generation,0,bfs,1
1827,vast,0,bedroom,2
1828,function,0,woke,1
1829,laugh,0,fat,3
1830,debt,0,aisle,2
1831,h,0,overspill,1
1832,stream,0,land,1
1833,teacher,0,poor,5
1834,situations,0,sap,1
1835,complaining,0,mitigated,1
1836,arm,0,letting,9
1837,checked,0,suffer,1
1838,decisions,0,problem,15
1839,dying,0,consequence,2
1840,twitter,0,allow,6
1841,hole,0,pressured,1
1842,friendly,0,proposing,1
1843,taught,0,preferences,1
1844,israel,0,dishonest,1
1845,sets,0,desires,2
1846,owner,0,aspect,1
1847,leaves,0,act,4
1848,threads,0,cares,1
1849,ha,0,forabout,1
1850,staff,0,respects,1
1851,violent,0,value,5
1852,filled,0,motivated,1
1853,karma,0,suspicion,2
1854,actively,0,faking,1
1855,connection,0,interest,1
1856,brown,0,satisfaction,2
1857,prime,0,participation,1
1858,produce,0,toys,2
1859,tip,0,pleasure,1
1860,causes,0,rug,1
1861,ultimately,0,connection,4
1862,hated,0,felt,3
1863,challenge,0,invalidated,1
1864,shield,0,prospect,1
1865,glass,0,satisfied,2
1866,influence,0,staying,3
1867,prior,0,deeply,1
1868,dollar,0,dissatisfied,1
1869,justify,0,inviting,1
1870,followed,0,parties,4
1871,das,0,actual,9
1872,songs,0,destroy,5
1873,favor,0,receiving,2
1874,offensive,0,bully's,1
1875,sun,0,rampage,1
1876,existing,0,sending,7
1877,respond,0,invitations,3
1878,feature,0,dont,2
1879,owned,0,invite,2
1880,porn,0,cost,5
1881,suspect,0,friendships,1
1882,stronger,0,hasn't,5
1883,leads,0,invited,3
1884,appropriate,0,kids',8
1885,hide,0,attend,2
1886,purchase,0,behaved,1
1887,yup,0,reign,1
1888,fell,0,abject,1
1889,billion,0,failure,1
1890,reduce,0,parenting,3
1891,describe,0,takes,5
1892,alcohol,0,expound,1
1893,download,0,loyal,2
1894,loves,0,guest,1
1895,comparison,0,came,6
1896,birth,0,begging,2
1897,critical,0,vice,1
1898,drivers,0,versa,1
1899,mainly,0,culture,6
1900,hardware,0,outweigh,1
1901,spell,0,intrude,2
1902,iron,0,conduct,2
1903,yours,0,parent,8
1904,receive,0,straight,6
1905,lock,0,speak,2
1906,idiot,0,offend,1
1907,pas,0,phrase,4
1908,yesterday,0,dare,1
1909,matches,0,interact,1
1910,math,0,ancient,1
1911,refuse,0,firmly,1
1912,saving,0,rooted,1
1913,trash,0,man,6
1914,university,0,charge,1
1915,plans,0,monty,1
1916,defensive,0,python,1
1917,weekend,0,holy,1
1918,install,0,grail,1
1919,partner,0,educated,1
1920,alive,0,understood,2
1921,familiar,0,movie,1
1922,l,0,ass,5
1923,pair,0,eshgt,1
1924,guessing,0,aita,1
1925,constant,0,girlfriendthat's,1
1926,forever,0,determines,1
1927,addition,0,absolve,1
1928,democratic,0,methat,1
1929,farm,0,tah,3
1930,votes,0,decision,6
1931,talent,0,escape,1
1932,shape,0,bta,1
1933,era,0,certainly,4
1934,feed,0,dumped,3
1935,internal,0,bridge,1
1936,moves,0,burned,2
1937,dating,0,phone,7
1938,fresh,0,phoneso,1
1939,everywhere,0,prove,5
1940,greatest,0,sweet,1
1941,racism,0,confronting,1
1942,belief,0,played,1
1943,accounts,0,mebut,1
1944,unlike,0,title,3
1945,leader,0,opponent,1
1946,increased,0,actively,2
1947,proven,0,homophobic,1
1948,typical,0,choiceyes,1
1949,intended,0,choice,3
1950,chain,0,hiding,6
1951,received,0,amazing,2
1952,significantly,0,backshe,1
1953,discuss,0,decent,6
1954,signed,0,persongt,1
1955,digital,0,boyfriend,2
1956,criminal,0,intimate,6
1957,explanation,0,soooo,1
1958,raised,0,permission,6
1959,environment,0,lesbian,1
1960,rent,0,gee,2
1961,location,0,figuring,1
1962,cutting,0,hold,2
1963,channel,0,orientation,3
1964,lord,0,dating,5
1965,cares,0,potential,1
1966,dry,0,assuming,1
1967,scenario,0,minding,1
1968,goals,0,gay,5
1969,cop,0,rare,1
1970,japan,0,exceptions,1
1971,tool,0,examples,1
1972,basis,0,calls,6
1973,claiming,0,coming,5
1974,citizens,0,grips,4
1975,reminds,0,withunderstanding,1
1976,chat,0,bearing,2
1977,leading,0,quoted,1
1978,causing,0,somewhere,3
1979,genuinely,0,degree,3
1980,launch,0,chooses,1
1981,manager,0,uncomfortable,10
1982,listed,0,behave,5
1983,daughter,0,different,11
1984,developed,0,sorting,1
1985,passing,0,nearly,10
1986,empty,0,boils,1
1987,customer,0,combination,1
1988,tries,0,entitlement,2
1989,programs,0,confusion,1
1990,allowing,0,age,10
1991,tree,0,conclusion,1
1992,default,0,fell,1
1993,whats,0,projected,1
1994,fox,0,fears,2
1995,focused,0,straw,1
1996,forces,0,hollywood,1
1997,maintain,0,shoveled,1
1998,recall,0,arrogant,1
1999,closed,0,judgmental,1
2000,pulling,0,prick,5
2001,lady,0,acting,3
2002,android,0,become,6
2003,candidate,0,figure,4
2004,heroes,0,practice,2
2005,tools,0,mentionsin,1
2006,maps,0,paragraph,1
2007,progress,0,mentions,1
2008,sentence,0,son,9
2009,um,0,refer,2
2010,hundred,0,meat,1
2011,native,0,vegan,2
2012,remain,0,food,9
2013,muslims,0,nephew,4
2014,strategy,0,initiative,1
2015,scared,0,pick,6
2016,initial,0,slight,1
2017,fish,0,compassion,3
2018,chicken,0,healthy,6
2019,enter,0,civil,3
2020,eh,0,harassment,1
2021,heads,0,identical,1
2022,casual,0,lunches,1
2023,climate,0,rats,2
2024,originally,0,regard,1
2025,busy,0,distraught,3
2026,experienced,0,strong,3
2027,paul,0,comfort,2
2028,surprise,0,launch,1
2029,jokes,0,attack,4
2030,alternative,0,demean,1
2031,grade,0,subjects,2
2032,surely,0,affection,2
2033,servers,0,seriously,8
2034,labor,0,expensive,5
2035,meeting,0,disposable,1
2036,photos,0,caring,2
2037,employees,0,thereby,1
2038,assumed,0,dear,1
2039,con,0,dreaming,1
2040,monster,0,joint,2
2041,grand,0,measly,1
2042,choices,0,pocket,2
2043,equivalent,0,possibility,1
2044,answers,0,processing,2
2045,traditional,0,dealing,4
2046,ignoring,0,grief,3
2047,consistent,0,debacle,1
2048,physically,0,breakup,1
2049,meta,0,saved,2
2050,corner,0,cope,1
2051,recognize,0,people's,6
2052,convince,0,including,1
2053,helpful,0,stressful,2
2054,explained,0,confirmation,1
2055,cable,0,parting,1
2056,flag,0,shot,3
2057,wind,0,open,3
2058,cute,0,entirety,1
2059,cancer,0,lies,1
2060,paint,0,inside,1
2061,bug,0,surpassed,1
2062,mail,0,development,1
2063,checking,0,fuckis,1
2064,harm,0,skinning,1
2065,muslim,0,youngest,1
2066,flash,0,effect,1
2067,decades,0,dolt,1
2068,serve,0,debilitating,1
2069,fuel,0,illnesses,1
2070,fired,0,gripped,1
2071,pointed,0,youyou,1
2072,locked,0,sound,4
2073,responsibility,0,hardly,1
2074,nowhere,0,aggravate,1
2075,wake,0,himher,2
2076,scientific,0,delivering,1
2077,platform,0,table,6
2078,circle,0,tip,1
2079,guilty,0,restaurant,3
2080,mixed,0,serves,2
2081,balls,0,returning,1
2082,shift,0,indoctrination,1
2083,whereas,0,potentially,3
2084,management,0,co,3
2085,unlikely,0,workers,3
2086,legally,0,manager,3
2087,sending,0,unprofessional,1
2088,request,0,jobs,3
2089,christmas,0,jeopardy,3
2090,defending,0,managerowner,1
2091,drops,0,vocabulary,1
2092,develop,0,built,3
2093,interview,0,odd,2
2094,patch,0,closest,1
2095,attitude,0,describe,1
2096,strike,0,warrants,2
2097,falling,0,punishment,2
2098,mission,0,others',1
2099,guide,0,apologized,3
2100,confirm,0,says,5
2101,spam,0,rational,2
2102,rank,0,explaining,2
2103,policies,0,abandons,1
2104,sadly,0,pregnant,3
2105,legitimate,0,mile's,1
2106,guarantee,0,walk,1
2107,garbage,0,snow,1
2108,jack,0,keys,3
2109,raw,0,refuses,1
2110,audio,0,unoccupied,1
2111,central,0,unlocked,1
2112,bus,0,moves,2
2113,hence,0,daughter's,3
2114,vehicle,0,proportional,1
2115,plastic,0,preventing,1
2116,custom,0,medieval,2
2117,stands,0,reactions,2
2118,web,0,exboyfriend,1
2119,radio,0,create,2
2120,replaced,0,monsters,1
2121,standards,0,four,1
2122,refer,0,blowing,2
2123,attacking,0,innocent,2
2124,fights,0,adjusted,1
2125,assault,0,shudder,1
2126,competition,0,raising,3
2127,wise,0,threw,3
2128,existence,0,major,1
2129,effectively,0,tantrum,1
2130,aspect,0,discipline,1
2131,ignorant,0,grounds,4
2132,corporate,0,authoritarianism,1
2133,union,0,reject,1
2134,dislike,0,communicate,1
2135,possibility,0,disallowed,1
2136,steal,0,law,4
2137,logical,0,live,13
2138,alright,0,hosting,1
2139,convinced,0,faint,1
2140,crowd,0,smell,1
2141,ticket,0,indoors,1
2142,coach,0,signs,1
2143,setup,0,suggested,1
2144,bear,0,showed,1
2145,survive,0,hearing,2
2146,exchange,0,hyperbolic,1
2147,clothes,0,fired,7
2148,sake,0,attitude,3
2149,values,0,phonepeople,1
2150,treatment,0,other's,1
2151,boys,0,phones,1
2152,sites,0,sisters,3
2153,solve,0,recently,1
2154,herself,0,advicehow,1
2155,dirty,0,related,1
2156,shirt,0,negate,1
2157,whoever,0,influencehaving,1
2158,healthcare,0,prepared,4
2159,fits,0,authority,1
2160,zone,0,finding,4
2161,trading,0,happening,3
2162,comic,0,positive,4
2163,toward,0,stds,1
2164,prison,0,beer,1
2165,para,0,helpful,2
2166,offered,0,youngthere's,1
2167,pool,0,states,2
2168,pushed,0,consent,1
2169,gym,0,cement,1
2170,thrown,0,impression,1
2171,settings,0,gone,4
2172,depth,0,mood,3
2173,smoking,0,modicum,1
2174,articles,0,reschedule,1
2175,testing,0,hoping,1
2176,cultural,0,decline,1
2177,hat,0,empathize,1
2178,walked,0,affectionate,1
2179,rise,0,follow,3
2180,studies,0,script,1
2181,gift,0,flowchart,1
2182,storage,0,online,1
2183,shipping,0,slated,1
2184,images,0,weeks,1
2185,brings,0,crotch,1
2186,politicians,0,maggot,1
2187,percentage,0,birthday,4
2188,owners,0,late,3
2189,beliefs,0,stirring,1
2190,seasons,0,btw,1
2191,growth,0,drum,1
2192,unable,0,kit,2
2193,blind,0,kazoo,1
2194,jews,0,rub,1
2195,peace,0,nose,2
2196,careful,0,vitriolic,1
2197,moon,0,plenty,4
2198,letter,0,differently,2
2199,weed,0,defect,1
2200,hire,0,heavily,3
2201,reviews,0,downvoted,1
2202,voters,0,downvote,1
2203,mechanics,0,button,2
2204,tower,0,contribute,2
2205,innocent,0,reflection,4
2206,staying,0,ponder,1
2207,transfer,0,dying,1
2208,suicide,0,cancer,3
2209,described,0,decisions,8
2210,granted,0,died,4
2211,sees,0,apologizing,2
2212,supports,0,hindsight,2
2213,pizza,0,actions,13
2214,soft,0,involved,5
2215,minority,0,subjective,1
2216,bottle,0,emotions,1
2217,texas,0,judge,3
2218,suit,0,forgive,4
2219,largely,0,hasis,1
2220,sword,0,bold,1
2221,legit,0,forgiveness,2
2222,powers,0,forgiver,1
2223,cell,0,forgivenhttpsanimityhealth,1
2224,opponent,0,comforgiveness,1
2225,guard,0,ourselves,1
2226,conspiracy,0,forgetting,2
2227,independent,0,connected,1
2228,cheese,0,hatred,2
2229,understood,0,tightly,1
2230,semi,0,clenched,1
2231,conditions,0,judging,1
2232,amounts,0,glass,1
2233,sanders,0,colored,1
2234,station,0,throwing,5
2235,loud,0,marriage,12
2236,injury,0,facebook,2
2237,tomorrow,0,profiles,1
2238,falls,0,sometimes,4
2239,mana,0,exes,2
2240,congress,0,stayed,1
2241,truck,0,history,4
2242,winter,0,profile,1
2243,dedicated,0,occurred,1
2244,volume,0,pages,1
2245,lo,0,messenger,1
2246,canadian,0,info,3
2247,concern,0,books,1
2248,destroyed,0,texts,1
2249,trigger,0,typed,2
2250,seat,0,hypocrisy,1
2251,soul,0,leaping,1
2252,q,0,conclusions,1
2253,audience,0,word,2
2254,stores,0,texting,1
2255,plane,0,reception,5
2256,sharing,0,booty,1
2257,victim,0,middle,3
2258,rush,0,couple,6
2259,legs,0,pessimistic,2
2260,ships,0,view,9
2261,length,0,revealed,1
2262,proud,0,shortly,2
2263,regularly,0,birth,2
2264,talks,0,evidence,1
2265,stone,0,happen,2
2266,stress,0,bringing,1
2267,ram,0,blocks,1
2268,lies,0,cup,1
2269,portion,0,supermarket's,1
2270,diet,0,place's,1
2271,thousand,0,ludicracy,1
2272,elite,0,imagined,1
2273,sea,0,escalated,2
2274,correctly,0,against,9
2275,experiences,0,envy,1
2276,poorly,0,ordeal,1
2277,failure,0,reveal,1
2278,rating,0,desperately,2
2279,intelligence,0,fooled,1
2280,den,0,perpetrating,1
2281,accepted,0,guess,2
2282,relationships,0,nerve,2
2283,attractive,0,throw,6
2284,graphics,0,shade,1
2285,parent,0,nasty,2
2286,tag,0,earn,4
2287,quest,0,video,1
2288,equally,0,forward,3
2289,boost,0,badly,1
2290,hello,0,duped,1
2291,artist,0,fritz,1
2292,acts,0,arrested,2
2293,desire,0,solicitation,1
2294,ensure,0,lewdness,1
2295,consistently,0,ward,1
2296,keys,0,sentence,1
2297,monitor,0,originality,1
2298,supporters,0,though,3
2299,opened,0,porn,1
2300,capital,0,wards,1
2301,hospital,0,warms,1
2302,files,0,cold,2
2303,variety,0,neglected,2
2304,personality,0,heart,2
2305,route,0,medication,1
2306,lights,0,knowledge,2
2307,flight,0,guaranteed,2
2308,christians,0,catch,2
2309,shall,0,busy,1
2310,comparing,0,priority,1
2311,threw,0,course,5
2312,department,0,fully,2
2313,surface,0,lack,3
2314,stars,0,bullying,1
2315,reported,0,broke,2
2316,pour,0,melodrama,1
2317,weather,0,ntayou're,2
2318,moderator,0,domain,1
2319,investment,0,crackhead,1
2320,upper,0,quick,2
2321,steps,0,stolen,1
2322,wave,0,nephew's,1
2323,skip,0,laptop,1
2324,removing,0,solidly,1
2325,troll,0,corner,1
2326,aggressive,0,missing,2
2327,usual,0,offending,2
2328,beating,0,untroubled,1
2329,screw,0,stealing,2
2330,drama,0,reservations,1
2331,min,0,physically,1
2332,grown,0,sleep,2
2333,california,0,lucky,3
2334,cry,0,naked,2
2335,naturally,0,pictures,5
2336,advanced,0,enter,1
2337,frequently,0,rental,3
2338,golden,0,sharing,3
2339,parking,0,mates,1
2340,wealth,0,changing,3
2341,dropping,0,penalties,1
2342,silver,0,sentencing,1
2343,flip,0,inevitable,1
2344,leg,0,reporting,2
2345,hanging,0,asap,1
2346,subs,0,afraid,1
2347,nintendo,0,reality,2
2348,shoes,0,validated,1
2349,deserves,0,motivate,1
2350,customers,0,easy,3
2351,titles,0,traumatize,1
2352,equipment,0,advice,1
2353,raid,0,turn,8
2354,laptop,0,teachable,1
2355,differences,0,siccing,1
2356,latest,0,executioner's,1
2357,adds,0,axe,1
2358,phones,0,strict,1
2359,asian,0,ensure,1
2360,profile,0,studies,2
2361,superior,0,partying,1
2362,trained,0,finish,2
2363,appeal,0,arrange,2
2364,beta,0,graduation,1
2365,tied,0,classes,1
2366,z,0,failed,2
2367,christ,0,earned,2
2368,supported,0,extreme,1
2369,plain,0,education,3
2370,cats,0,bitter,3
2371,decade,0,path,1
2372,merely,0,redemption,1
2373,individuals,0,surprise,1
2374,shared,0,fool,1
2375,sport,0,enjoying,1
2376,deny,0,latelyshe's,1
2377,ca,0,fucked,6
2378,doctors,0,workplace,6
2379,abilities,0,panicked,1
2380,collection,0,wasnt,1
2381,models,0,theyre,1
2382,bowl,0,iyou've,1
2383,cycle,0,supportive,5
2384,commit,0,turned,2
2385,determine,0,torment,2
2386,exercise,0,impossible,3
2387,forcing,0,mode,1
2388,donald,0,slept,1
2389,milk,0,that'd,1
2390,dress,0,unconscious,2
2391,ruin,0,precarious,1
2392,trick,0,position,3
2393,warm,0,shift,1
2394,theme,0,leaders,1
2395,display,0,employees,1
2396,claimed,0,demonstrate,1
2397,technical,0,hostile,2
2398,gods,0,frequent,1
2399,express,0,reminders,2
2400,license,0,given,2
2401,committed,0,last,4
2402,plant,0,accepted,2
2403,incredible,0,processed,1
2404,smell,0,push,3
2405,mini,0,feet,2
2406,nazi,0,areas,2
2407,sugar,0,respectful,3
2408,signs,0,three,4
2409,protection,0,bothered,3
2410,tone,0,feces,1
2411,filter,0,walls,1
2412,boyfriend,0,suggestions,1
2413,earn,0,regarding,3
2414,gen,0,al,1
2415,resolution,0,staff,1
2416,officer,0,appalling,1
2417,complicated,0,indicator,2
2418,percent,0,demand,2
2419,interests,0,sensor,1
2420,efficient,0,denying,4
2421,species,0,medal,1
2422,tanks,0,builds,1
2423,ultimate,0,plaque,1
2424,positions,0,arteries,1
2425,salt,0,habit,2
2426,bush,0,rid,1
2427,repeat,0,longer,3
2428,identity,0,hang,1
2429,piss,0,ytagt,1
2430,deals,0,despises,1
2431,aim,0,herany,1
2432,authority,0,particular,2
2433,steel,0,cunt,2
2434,thin,0,willing,4
2435,holds,0,poon,1
2436,acceptable,0,forced,1
2437,crimes,0,someonethat's,1
2438,rough,0,forcing,3
2439,marketing,0,loves,2
2440,border,0,trueand,1
2441,toxic,0,permanently,4
2442,guaranteed,0,damaging,2
2443,abortion,0,carereal,1
2444,stopping,0,technology,1
2445,planned,0,arriving,1
2446,detail,0,options,3
2447,delete,0,ivf,1
2448,relative,0,surrogates,1
2449,occasionally,0,biologically,1
2450,scary,0,theirs,2
2451,identify,0,legacy,1
2452,famous,0,certainty,1
2453,narrative,0,aspects,3
2454,spirit,0,rubbing,2
2455,objective,0,narcissist,1
2456,havent,0,ntayou,3
2457,france,0,distract,2
2458,established,0,trouble,2
2459,cook,0,controlling,2
2460,concerns,0,fixation,1
2461,alt,0,request,1
2462,shes,0,reinforcement,1
2463,camp,0,validating,1
2464,measure,0,eyes,1
2465,ne,0,backed,2
2466,hidden,0,wast,1
2467,drives,0,accommodating,2
2468,fellow,0,defects,1
2469,teaching,0,study,2
2470,combo,0,beauty,1
2471,encourage,0,standards,1
2472,australia,0,finite,1
2473,pic,0,ntadying,1
2474,anyways,0,resolve,1
2475,charged,0,pissed,1
2476,kicked,0,father's,2
2477,irrelevant,0,frozen,2
2478,medium,0,solid,3
2479,rely,0,mackerel,1
2480,stops,0,bruce,1
2481,applies,0,willis,1
2482,tickets,0,eshyour,2
2483,historical,0,irrationally,1
2484,valuable,0,emotionally,2
2485,connected,0,lunch,1
2486,york,0,partner,10
2487,crash,0,cell,1
2488,films,0,affair,2
2489,san,0,hadn't,1
2490,struggle,0,answered,1
2491,hilarious,0,cube,1
2492,roughly,0,handed,1
2493,picks,0,conversationally,1
2494,sorts,0,choices,4
2495,mouse,0,tact,1
2496,snow,0,awareness,2
2497,description,0,apologize,5
2498,awkward,0,hormones,1
2499,badly,0,mitigates,1
2500,host,0,bff,1
2501,frankly,0,kicked,2
2502,burning,0,curb,2
2503,pants,0,excised,1
2504,perform,0,closer,3
2505,applied,0,influencing,1
2506,condition,0,severely,1
2507,bucks,0,threat,1
2508,pot,0,vulnerable,1
2509,organization,0,period,2
2510,suggesting,0,notably,1
2511,realistic,0,immediate,2
2512,root,0,severe,1
2513,reports,0,repercussions,2
2514,van,0,mainly,1
2515,odds,0,solve,1
2516,depression,0,problems,3
2517,funding,0,elephant,1
2518,jewish,0,depriving,2
2519,jail,0,requires,1
2520,idiots,0,terrible,4
2521,horse,0,divorce,3
2522,associated,0,denial,1
2523,accidentally,0,addict,2
2524,ugly,0,bullshit,2
2525,island,0,gaining,1
2526,clue,0,weight,1
2527,schedule,0,calories,1
2528,ideal,0,stuffing,1
2529,sat,0,candy,1
2530,explaining,0,sugar,1
2531,versions,0,rush,1
2532,bomb,0,total,2
2533,ads,0,quitdoesn't,1
2534,punch,0,survivegt,1
2535,sky,0,warned,1
2536,strongly,0,constitute,1
2537,purely,0,quiting,1
2538,author,0,anyways,1
2539,iphone,0,annihilation,1
2540,wonderful,0,habits,7
2541,confirmed,0,town,4
2542,notes,0,l,1
2543,exception,0,everyone's,3
2544,controller,0,stalkerhttpsen,1
2545,yellow,0,orgwikirichard,1
2546,tea,0,ramirez,1
2547,forms,0,shows,4
2548,define,0,mil,1
2549,melee,0,fil,1
2550,warning,0,flying,1
2551,criticism,0,guest's,1
2552,elected,0,dh,1
2553,keyboard,0,tired,1
2554,fund,0,locking,1
2555,lawyer,0,doors,1
2556,dig,0,heads,1
2557,knife,0,converse,1
2558,entitled,0,uncle,2
2559,providing,0,didis,1
2560,mistakes,0,hid,1
2561,buddy,0,assets,1
2562,prepared,0,aunt,2
2563,housing,0,college,6
2564,combined,0,dollar,1
2565,bias,0,bead,1
2566,wiki,0,shop,2
2567,multi,0,chief,1
2568,stayed,0,cardiac,1
2569,ranked,0,surgery,1
2570,families,0,hospital,4
2571,weekly,0,computer,1
2572,james,0,classwork,1
2573,epic,0,retired,1
2574,suggested,0,office,2
2575,joe,0,slow,1
2576,offers,0,range,1
2577,region,0,rampjwhich,1
2578,tight,0,book,1
2579,object,0,juliette,1
2580,moments,0,romeo,1
2581,immigration,0,religion,4
2582,century,0,expressed,1
2583,impression,0,willingness,2
2584,increasing,0,disown,1
2585,ups,0,tolerable,1
2586,teachers,0,inflexible,1
2587,rolling,0,honor,4
2588,meanwhile,0,killy,1
2589,mentally,0,acid,2
2590,carrying,0,facey,1
2591,par,0,called,2
2592,ordered,0,waited,2
2593,row,0,fly,1
2594,calories,0,agony,1
2595,largest,0,endure,2
2596,empire,0,needing,1
2597,wedding,0,selfish,2
2598,height,0,vet's,1
2599,viable,0,commentary,1
2600,updated,0,survived,1
2601,noise,0,suffered,1
2602,capitalism,0,blender,1
2603,decks,0,airport,1
2604,analysis,0,hunting,1
2605,nations,0,owner,3
2606,gap,0,remains,2
2607,finger,0,embalm,1
2608,businesses,0,humans,1
2609,crew,0,body,3
2610,mirror,0,repairing,1
2611,structure,0,damaged,2
2612,dinner,0,goods,1
2613,reliable,0,referring,1
2614,square,0,disciplining,1
2615,bothered,0,easier,4
2616,india,0,correct,3
2617,orange,0,border,1
2618,believes,0,selfless,1
2619,combination,0,gesture,1
2620,loving,0,consult,1
2621,victims,0,input,4
2622,answered,0,someday,1
2623,stable,0,maybe,2
2624,pet,0,steamrollering,1
2625,intelligent,0,uproot,1
2626,charges,0,fills,1
2627,dozen,0,dread,1
2628,escape,0,scope,1
2629,jumping,0,realize,4
2630,believed,0,consulting,1
2631,conclusion,0,shoulder,3
2632,islam,0,reply,2
2633,tends,0,community,4
2634,hates,0,partnership,1
2635,adults,0,unilaterally,1
2636,knock,0,issuing,1
2637,conflict,0,ultimatums,1
2638,chest,0,impact,2
2639,suffer,0,granddaughter,1
2640,scenes,0,dream,1
2641,angle,0,betting,1
2642,enjoying,0,counting,1
2643,developers,0,bankrolling,1
2644,riding,0,disproportionately,1
2645,differently,0,burden,1
2646,confidence,0,slave,1
2647,updates,0,knocked,1
2648,extent,0,dictating,1
2649,shadow,0,resenting,1
2650,england,0,hook,1
2651,instantly,0,provided,1
2652,devices,0,batter,1
2653,invest,0,ntasomeone,1
2654,democracy,0,track,1
2655,neutral,0,abandoning,1
2656,fed,0,infant,1
2657,seek,0,rights,1
2658,client,0,valid,4
2659,consequences,0,vile,1
2660,swear,0,philosophy,1
2661,bugs,0,tying,3
2662,feedback,0,beliefs,1
2663,discussing,0,forbid,1
2664,previously,0,revolting,1
2665,disappointed,0,band,1
2666,provides,0,festering,1
2667,passive,0,brains,2
2668,comedy,0,refused,2
2669,squad,0,perfectly,3
2670,fewer,0,plausible,1
2671,pays,0,airplane,1
2672,ancient,0,ta,3
2673,controlled,0,blue,1
2674,trial,0,access,3
2675,contain,0,press,3
2676,bills,0,charges,3
2677,apartment,0,tendencies,1
2678,tie,0,society,1
2679,confident,0,injuring,1
2680,defined,0,inevitably,1
2681,vision,0,grip,2
2682,asks,0,enemy,1
2683,colors,0,hurt,7
2684,creative,0,mad,7
2685,elements,0,box,2
2686,batman,0,matches,1
2687,david,0,overly,1
2688,yo,0,dramatic,1
2689,statements,0,inflict,1
2690,improved,0,unnecessary,1
2691,activity,0,distant,1
2692,liberals,0,group,3
2693,suffering,0,seasonal,1
2694,fought,0,dibs,1
2695,placed,0,prohibit,1
2696,buff,0,cared,1
2697,crying,0,unlike,1
2698,muscle,0,dated,1
2699,universal,0,cake,7
2700,division,0,friendsyou,1
2701,del,0,plans,1
2702,physics,0,roommate's,1
2703,pocket,0,badmouthing,1
2704,select,0,mostly,2
2705,port,0,largesse,1
2706,command,0,aggression,1
2707,connect,0,notice,3
2708,phrase,0,eviction,1
2709,med,0,eye,1
2710,factors,0,prudish,1
2711,solar,0,requests,1
2712,egg,0,offer,4
2713,cuts,0,throws,1
2714,cream,0,conforming,1
2715,closest,0,religious,3
2716,restaurant,0,ceremony,3
2717,propaganda,0,x,1
2718,duty,0,scene,1
2719,entry,0,preaching,1
2720,engineering,0,equally,1
2721,blocks,0,tasteless,2
2722,driven,0,mess,3
2723,wood,0,risk,4
2724,anxiety,0,training,1
2725,format,0,accidents,2
2726,print,0,specialist,1
2727,wheel,0,drove,1
2728,kit,0,ambulances,1
2729,explicitly,0,army,1
2730,practically,0,reserve,1
2731,limits,0,rpg,1
2732,michael,0,casket,2
2733,intentionally,0,wooden,1
2734,stretch,0,mannequin,1
2735,rocket,0,bag,1
2736,compete,0,presentable,1
2737,whom,0,funeral,2
2738,loose,0,itself,2
2739,quiet,0,visible,1
2740,reasoning,0,financially,1
2741,began,0,benefited,1
2742,reward,0,amp,1
2743,emergency,0,supporting,3
2744,friday,0,regale,1
2745,mac,0,tales,1
2746,bullet,0,appreciate,2
2747,calm,0,bonding,1
2748,log,0,spends,1
2749,healing,0,undermining,1
2750,achieve,0,stability,1
2751,captain,0,raw,1
2752,sleeping,0,nerves,2
2753,goddamn,0,sandpaper,1
2754,handed,0,dipped,1
2755,increases,0,perceive,1
2756,flow,0,larger,1
2757,tests,0,moved,3
2758,commercial,0,original,1
2759,generic,0,brothers,2
2760,soldiers,0,equal,2
2761,difficulty,0,arrangement,1
2762,blade,0,circle,1
2763,offering,0,serve,1
2764,bench,0,walked,1
2765,builds,0,manipulate,2
2766,baseball,0,subverting,1
2767,intent,0,mei,1
2768,houses,0,tries,2
2769,coverage,0,guilt,3
2770,payment,0,scorpio,1
2771,rage,0,edit,1
2772,laughing,0,reputation,2
2773,records,0,divorces,2
2774,hook,0,issueshttpswww,1
2775,capacity,0,magnifymoney,1
2776,tall,0,comblogfeaturedmoney,1
2777,newer,0,causes,3
2778,bright,0,percent,1
2779,dual,0,roughly,1
2780,assumption,0,adulteryhttpswww,1
2781,rational,0,apaorgpubsjournalsfeaturescfp,1
2782,gif,0,ruin,1
2783,heal,0,evening,4
2784,rude,0,friend's,1
2785,lay,0,remark,1
2786,represent,0,beating,1
2787,phase,0,praised,1
2788,fingers,0,slamming,2
2789,loan,0,attacking,5
2790,storm,0,absent,1
2791,conservatives,0,intervention,1
2792,input,0,orders,2
2793,agreement,0,separated,1
2794,korea,0,outcome,3
2795,mountain,0,survive,1
2796,electric,0,negative,1
2797,primarily,0,effects,1
2798,latter,0,vast,1
2799,package,0,happened,3
2800,orders,0,minus,1
2801,expansion,0,court,1
2802,drawing,0,fight,2
2803,hunter,0,generated,1
2804,catholic,0,ill,2
2805,aka,0,separate,1
2806,detailed,0,adjust,1
2807,loot,0,acts,2
2808,freaking,0,multiplier,1
2809,hype,0,husband's,2
2810,instant,0,amount,4
2811,leaders,0,untouched,1
2812,believing,0,routine,5
2813,forum,0,truck,2
2814,spring,0,unchanged,1
2815,grind,0,suck,2
2816,spin,0,internet,2
2817,impressive,0,stranger,2
2818,projects,0,sits,1
2819,reached,0,lands,1
2820,randomly,0,sam's,1
2821,ti,0,regulated,1
2822,eggs,0,militia,1
2823,lowest,0,hubs,1
2824,clip,0,moving,1
2825,employee,0,mistake,1
2826,philosophy,0,grown,1
2827,belt,0,ca,2
2828,bridge,0,tx,4
2829,southern,0,continent,1
2830,discovered,0,bases,2
2831,degrees,0,southern,1
2832,reduced,0,hour,2
2833,submitted,0,map,1
2834,library,0,saw,2
2835,nose,0,eastern,1
2836,expert,0,combined,1
2837,facing,0,belongings,2
2838,immigrants,0,destroying,1
2839,boat,0,plants,1
2840,tonight,0,window,2
2841,ruined,0,running,4
2842,salary,0,indicate,1
2843,seven,0,pattern,1
2844,horror,0,door,5
2845,laid,0,nearby,1
2846,boxes,0,wanting,5
2847,exclusive,0,shirts,1
2848,cheating,0,scent,1
2849,affected,0,loaded,1
2850,infinite,0,relax,2
2851,rip,0,driving,10
2852,assholes,0,expecting,2
2853,lunch,0,goblin,1
2854,progressive,0,weekend,2
2855,engage,0,getaway,1
2856,tips,0,setting,3
2857,sin,0,heading,1
2858,dance,0,disservice,2
2859,balanced,0,planted,1
2860,investigation,0,manchineel,2
2861,hurts,0,treehttpswww,1
2862,confusing,0,sciencealert,1
2863,switched,0,comdo,1
2864,stack,0,s,2
2865,aspects,0,dangerous,2
2866,cooler,0,tree,2
2867,neck,0,pretending,1
2868,danger,0,ancestors,1
2869,regards,0,ran,1
2870,failing,0,dna,2
2871,permanent,0,test,3
2872,reverse,0,earth,3
2873,mario,0,tested,1
2874,dies,0,invasion,1
2875,uncomfortable,0,utterly,2
2876,fee,0,incapable,1
2877,choosing,0,resisting,1
2878,jones,0,curiosity,1
2879,george,0,salacious,1
2880,spells,0,package,1
2881,souls,0,amazon,1
2882,installed,0,opened,1
2883,explains,0,defensive,1
2884,funds,0,embarrassed,1
2885,drag,0,worrying,1
2886,smith,0,considered,2
2887,penalty,0,conjunction,1
2888,slower,0,local,1
2889,contribute,0,convenient,1
2890,marvel,0,fiction,1
2891,promise,0,unplugging,1
2892,swing,0,wifi,1
2893,reporting,0,router,1
2894,evolution,0,bed,1
2895,bars,0,pragmatic,1
2896,tested,0,stepdaughter,1
2897,guitar,0,sense,4
2898,finds,0,childperhaps,1
2899,screaming,0,barging,1
2900,ghost,0,meetings,2
2901,plants,0,clients,3
2902,couldnt,0,detriment,1
2903,pages,0,why's,1
2904,label,0,humiliated,1
2905,valve,0,john's,1
2906,deaths,0,hundreds,3
2907,candidates,0,deep,1
2908,circumstances,0,growing,2
2909,hunting,0,drama,2
2910,remind,0,toolkit,1
2911,banks,0,it'll,3
2912,eastern,0,mistaken,1
2913,attacked,0,uninformed,1
2914,motion,0,provoke,1
2915,stat,0,declining,1
2916,biased,0,launching,2
2917,pregnant,0,fh,1
2918,heck,0,clarify,1
2919,motherboard,0,worries,1
2920,accident,0,temper,1
2921,remotely,0,underestimate,1
2922,nazis,0,advertising,1
2923,ignored,0,month,3
2924,plate,0,resources,3
2925,extended,0,consumed,2
2926,bodies,0,daily,2
2927,attempts,0,stupidly,1
2928,mainstream,0,portion,1
2929,alien,0,asleep,1
2930,rounds,0,renewable,3
2931,champion,0,replace,2
2932,replacement,0,within,2
2933,attached,0,span,1
2934,halo,0,lifetimes,1
2935,backup,0,recyclable,1
2936,remains,0,terribly,1
2937,artists,0,bull,1
2938,usage,0,headed,1
2939,refused,0,upper,1
2940,fancy,0,limit,1
2941,dudes,0,shoes,2
2942,supposedly,0,blood,1
2943,handful,0,proven,1
2944,fees,0,unlikely,1
2945,sidebar,0,loan,1
2946,continued,0,stain,1
2947,react,0,son's,4
2948,revenue,0,credit,1
2949,presence,0,stains,1
2950,messages,0,kneecapping,2
2951,creates,0,finances,1
2952,fighter,0,excesses,1
2953,atheist,0,hurtful,2
2954,constitution,0,harmful,1
2955,submit,0,sentences,1
2956,sunday,0,ahem,1
2957,supreme,0,children's,2
2958,wet,0,museum,2
2959,trailer,0,designated,1
2960,rifle,0,stationed,1
2961,inherently,0,enforce,1
2962,produced,0,ejected,1
2963,teeth,0,dealt,4
2964,sized,0,dramatically,1
2965,arc,0,explained,2
2966,agent,0,prayers,1
2967,computers,0,boundary,1
2968,pattern,0,stomping,1
2969,literal,0,vodun,1
2970,swap,0,ganesh,1
2971,secure,0,worshiping,1
2972,smash,0,abrahamic,1
2973,aid,0,prevent,2
2974,maximum,0,serial,1
2975,nu,0,killer,1
2976,consumer,0,unable,1
2977,march,0,compulsion,1
2978,worlds,0,expected,1
2979,plug,0,protect,3
2980,armed,0,influence,1
2981,bored,0,knowingly,1
2982,homeless,0,teaching,1
2983,controls,0,oppose,1
2984,pretending,0,cutting,1
2985,hitler,0,enable,1
2986,hill,0,whenever,1
2987,regret,0,obsolete,1
2988,playoffs,0,ntaif,1
2989,outright,0,proportions,1
2990,tom,0,b,3
2991,communication,0,c,3
2992,basketball,0,currently,1
2993,chosen,0,ignoring,1
2994,walls,0,therapy's,1
2995,ate,0,bills,2
2996,humanity,0,injured,2
2997,fallout,0,admitting,2
2998,attempting,0,eat,6
2999,loses,0,literal,1
3000,stealing,0,plate,2
3001,needing,0,proud,1
3002,mike,0,achieved,1
3003,slight,0,token,2
3004,bathroom,0,traffic,1
3005,blizzard,0,brakes,1
3006,trees,0,alone,9
3007,existed,0,illegal,3
3008,pointless,0,source,2
3009,announced,0,warning,1
3010,insult,0,cop,1
3011,visible,0,amends,3
3012,practical,0,belong,1
3013,checks,0,introducing,1
3014,spawn,0,robbing,1
3015,rain,0,flush,1
3016,corrupt,0,tubes,1
3017,secondary,0,andy,1
3018,punishment,0,fortune,1
3019,ben,0,unreasonable,1
3020,ammo,0,fathered,1
3021,streaming,0,drunken,1
3022,blown,0,stand's,1
3023,requirements,0,relation,1
3024,wasting,0,setup,1
3025,ourselves,0,primary,1
3026,injured,0,polite,2
3027,solely,0,sneak,1
3028,lift,0,disability,1
3029,vehicles,0,missed,2
3030,amendment,0,concert,2
3031,farming,0,ashes,1
3032,chicago,0,forgotten,1
3033,wash,0,young,2
3034,developing,0,replaced,3
3035,florida,0,impostor,1
3036,j,0,grades,3
3037,shoulder,0,probation,1
3038,legendary,0,suspension,1
3039,meaningful,0,gpa,1
3040,bits,0,perfect,1
3041,methods,0,penance,2
3042,currency,0,semester,1
3043,consent,0,inexpensive,1
3044,elsewhere,0,apply,1
3045,judging,0,fall,3
3046,screwed,0,fail,1
3047,holes,0,flushed,1
3048,babies,0,k,3
3049,packs,0,toilet,1
3050,decides,0,associate,1
3051,labour,0,lawsuit,1
3052,stating,0,skate,1
3053,slot,0,encourage,1
3054,grey,0,attempting,2
3055,machines,0,communication,1
3056,smile,0,badmouths,1
3057,franchise,0,slandered,1
3058,boot,0,spouse,1
3059,indian,0,dropping,1
3060,citizen,0,wood,1
3061,remaining,0,chipper,1
3062,charging,0,dog's,2
3063,corporations,0,drop,1
3064,raising,0,declines,1
3065,magical,0,persists,2
3066,attracted,0,escalates,1
3067,washington,0,professions,1
3068,forth,0,drunk,5
3069,anger,0,cant,1
3070,overly,0,exception,1
3071,ea,0,gift,8
3072,versus,0,afford,2
3073,breath,0,agreement,3
3074,bottles,0,changes,2
3075,rewards,0,milk,1
3076,coast,0,trumpian,1
3077,figures,0,goodie,1
3078,dump,0,bags,1
3079,killer,0,meshe,1
3080,stays,0,unexpected,1
3081,director,0,rich,1
3082,visual,0,suspend,1
3083,birthday,0,discontinue,1
3084,sample,0,fencethat,1
3085,hiding,0,fails,1
3086,wikipedia,0,mouth,2
3087,tape,0,shut,4
3088,rose,0,everyou,1
3089,creepy,0,dads,3
3090,infrastructure,0,harangue,1
3091,comics,0,deficiencies,1
3092,governments,0,tack,1
3093,sexy,0,tune,1
3094,stance,0,attendance,1
3095,continues,0,crap,4
3096,huh,0,basic,1
3097,cleaning,0,educational,1
3098,arrested,0,theory,1
3099,clock,0,swimming,1
3100,everyday,0,cpr,1
3101,immediate,0,degrees,1
3102,spider,0,educate,1
3103,administration,0,educating,1
3104,easiest,0,teachers,3
3105,chapter,0,guise,1
3106,resistance,0,administrators,1
3107,edition,0,counterproductive,1
3108,studio,0,assaults,1
3109,hunt,0,parents',1
3110,tournament,0,enemies,1
3111,roads,0,vastly,1
3112,desktop,0,kid's,1
3113,statistics,0,decides,5
3114,cooking,0,engages,1
3115,adjust,0,unacceptable,1
3116,offended,0,informing,1
3117,operating,0,hired,1
3118,factory,0,worker,1
3119,unfair,0,passengers,1
3120,introduced,0,suspect,1
3121,covers,0,insane,1
3122,wine,0,taxi,1
3123,hop,0,uberlyft,1
3124,roster,0,drivers,1
3125,hockey,0,facet,1
3126,fucks,0,existence,2
3127,yards,0,seen,1
3128,riot,0,articles,1
3129,london,0,uber,2
3130,application,0,lyft,1
3131,liquid,0,winnings,1
3132,cake,0,europe,1
3133,domestic,0,chump,1
3134,script,0,dickish,1
3135,suggestion,0,flatmates,1
3136,poster,0,sacrifice,1
3137,pink,0,occasionally,1
3138,passes,0,enlisting,1
3139,surgery,0,count,1
3140,crack,0,politely,1
3141,performed,0,ntareport,1
3142,pitch,0,crosses,1
3143,expectations,0,purview,1
3144,sensitive,0,practitioner,1
3145,acknowledge,0,enforcing,1
3146,retarded,0,morals,1
3147,christianity,0,police,5
3148,races,0,treatment,1
3149,missions,0,information,2
3150,meal,0,accurate,1
3151,welfare,0,type,2
3152,cloud,0,ntastate,1
3153,racial,0,issued,1
3154,quarter,0,refers,1
3155,joined,0,nation,1
3156,queen,0,england,1
3157,spanish,0,requirements,1
3158,educated,0,bouncers,1
3159,lightning,0,harming,1
3160,programming,0,bar's,1
3161,collect,0,pos,1
3162,butt,0,review,1
3163,outcome,0,canned,1
3164,premium,0,snuck,1
3165,recommended,0,compassionate,1
3166,reasonably,0,forgiving,1
3167,ownership,0,counsel,1
3168,officers,0,offender,1
3169,struggling,0,mete,1
3170,spots,0,fathers,1
3171,frustrating,0,conceived,1
3172,wasted,0,stepped,1
3173,switching,0,fulfilling,2
3174,replied,0,obligations,1
3175,expand,0,highlighting,1
3176,temperature,0,losers,1
3177,manual,0,load,1
3178,peoples,0,must,1
3179,iraq,0,dad's,1
3180,terrorist,0,comparison,1
3181,socialist,0,guys',1
3182,tracks,0,embarrass,2
3183,focusing,0,batshit,1
3184,bread,0,crazy,2
3185,thick,0,hobby,1
3186,counts,0,peep,1
3187,mexico,0,rescind,1
3188,promote,0,ntawhy,1
3189,inch,0,ensuring,1
3190,tracking,0,hot,2
3191,knight,0,water,2
3192,mate,0,dominance,1
3193,sticking,0,confrontational,1
3194,shower,0,prying,1
3195,doors,0,millions,1
3196,carbon,0,considerate,1
3197,dare,0,males,1
3198,dice,0,girlfriends,1
3199,hotel,0,involuntary,1
3200,crappy,0,country,2
3201,numerous,0,grew,2
3202,similarly,0,practices,1
3203,nonsense,0,raised,3
3204,senate,0,e,1
3205,arena,0,observes,1
3206,isis,0,california,1
3207,earned,0,pinatas,1
3208,belong,0,mexico,1
3209,signal,0,involvement,1
3210,mile,0,eric,2
3211,county,0,don,1
3212,materials,0,jr,1
3213,pace,0,traveled,1
3214,hardcore,0,doucheland,1
3215,dust,0,steeping,1
3216,humor,0,hatched,1
3217,accused,0,fence,2
3218,ultra,0,saturated,1
3219,menu,0,air,2
3220,buildings,0,smokers,1
3221,luckily,0,noticeable,1
3222,disease,0,daylight,1
3223,roles,0,basis,1
3224,priority,0,complaining,1
3225,african,0,douchebag,1
3226,shocked,0,cyclists,2
3227,naked,0,auto,2
3228,stolen,0,insurance,4
3229,firing,0,accident,3
3230,northern,0,companies,1
3231,preferred,0,metal,1
3232,animation,0,radiusesdo,1
3233,implies,0,spokes,1
3234,worker,0,ytashe's,1
3235,messed,0,leg,1
3236,counting,0,fantastic,1
3237,arguably,0,impaired,1
3238,jerk,0,cab,1
3239,roman,0,ubert,1
3240,string,0,above,3
3241,served,0,remembers,1
3242,ma,0,diminishing,1
3243,writers,0,compared,1
3244,slavery,0,temporarily,2
3245,rural,0,cure,2
3246,multiplayer,0,fed,1
3247,carried,0,poison,1
3248,wages,0,assuring,1
3249,imply,0,'super,1
3250,therapy,0,attack',1
3251,backwards,0,costing,2
3252,hip,0,fair,1
3253,presented,0,entirely,4
3254,genre,0,mom's,4
3255,wealthy,0,applying,1
3256,peak,0,unknown,1
3257,accepting,0,noticed,1
3258,kitchen,0,arranging,1
3259,transition,0,circumstances,4
3260,informed,0,pursue,1
3261,youll,0,cream,1
3262,forgotten,0,sundae,1
3263,warriors,0,complaint,1
3264,published,0,reported,1
3265,traded,0,dashcam,1
3266,bite,0,complaints,1
3267,initially,0,talked,1
3268,seeking,0,faces,1
3269,minds,0,representing,1
3270,searching,0,black,1
3271,galaxy,0,begs,1
3272,tap,0,protecting,1
3273,pump,0,handled,1
3274,ages,0,pulling,3
3275,anytime,0,pat,1
3276,bro,0,crowd,1
3277,patient,0,humiliate,1
3278,shock,0,specify,1
3279,genuine,0,searched,1
3280,monsters,0,form,3
3281,chip,0,allegedly,1
3282,severe,0,whatsoever,1
3283,strictly,0,socked,1
3284,maintenance,0,legally,2
3285,automatic,0,obligate,1
3286,liking,0,adopting,1
3287,exposed,0,th,1
3288,advance,0,motives,1
3289,construction,0,equipped,1
3290,bay,0,shame,2
3291,stood,0,adoption,1
3292,sudden,0,stepson,1
3293,element,0,profound,1
3294,shopping,0,shunned,1
3295,complaints,0,industrial,1
3296,smooth,0,grade,2
3297,sam,0,rewinding,1
3298,seats,0,bits,1
3299,vague,0,malicious,2
3300,external,0,compliance,2
3301,hired,0,interesting,1
3302,vanilla,0,someone's,1
3303,shorter,0,innermost,1
3304,alpha,0,reconcile,1
3305,beats,0,loving,2
3306,publicly,0,contempt,1
3307,lore,0,suggestion,1
3308,targets,0,gtfo,1
3309,mi,0,luckiest,1
3310,trend,0,ruling,1
3311,protected,0,recovering,1
3312,annoyed,0,unfortunate,1
3313,signing,0,prenup,1
3314,selection,0,signing,1
3315,foundation,0,family's,2
3316,injuries,0,valuables,1
3317,tear,0,interested,1
3318,lately,0,jail,2
3319,burned,0,lawyer,1
3320,manner,0,suing,1
3321,bound,0,recoup,1
3322,conference,0,whiskey,1
3323,coin,0,gf's,3
3324,coins,0,landlord,1
3325,gross,0,shits,1
3326,fashion,0,causing,1
3327,anonymous,0,rift,3
3328,playoff,0,following,1
3329,receiving,0,respecting,2
3330,iran,0,occasion,1
3331,involve,0,lock,2
3332,beach,0,locks,1
3333,backed,0,garage,1
3334,dozens,0,unambiguously,1
3335,ignorance,0,crashed,1
3336,hating,0,valuable,2
3337,brothers,0,liquid,1
3338,drove,0,shitting,1
3339,shell,0,profession,3
3340,wipe,0,ntai,1
3341,dirt,0,leaning,3
3342,sacrifice,0,es,1
3343,korean,0,magnitude,1
3344,purple,0,apart,1
3345,faces,0,wildly,2
3346,unnecessary,0,pushed,1
3347,chase,0,didwas,1
3348,poverty,0,digging,1
3349,harry,0,eventday,1
3350,socialism,0,celebrating,1
3351,determined,0,whoever,1
3352,survival,0,officiating,1
3353,affects,0,usually,1
3354,bare,0,gathered,1
3355,protein,0,explicit,1
3356,triple,0,man's,1
3357,starter,0,speech,1
3358,ratio,0,defined,1
3359,actors,0,traditional,1
3360,destroying,0,acknowledge,1
3361,yard,0,narcissism,1
3362,steve,0,happiness,4
3363,output,0,hijack,1
3364,emotions,0,stage,1
3365,corruption,0,concerts,1
3366,fixing,0,thrown,1
3367,repair,0,meaning,1
3368,reset,0,conscious,1
3369,hopes,0,slice,1
3370,advertising,0,fridge,2
3371,irish,0,ate,1
3372,edited,0,bite,1
3373,wire,0,eating,6
3374,absurd,0,insult,1
3375,democrat,0,heck,1
3376,implying,0,roommate,2
3377,knee,0,allergic,1
3378,trap,0,brians,2
3379,opponents,0,brian,1
3380,goods,0,scores,1
3381,responding,0,fought,1
3382,languages,0,attempt,1
3383,bang,0,accommodate,1
3384,burst,0,hammer,1
3385,agency,0,brian's,1
3386,sight,0,beings,2
3387,blog,0,ashamed,1
3388,rear,0,successful,2
3389,fruit,0,stopping,1
3390,username,0,blackout,1
3391,lesser,0,drunkhttpswww,1
3392,walks,0,alcoholorgeffectsblood,1
3393,loads,0,concentration,1
3394,drinks,0,burn,1
3395,africa,0,confusing,1
3396,lied,0,deserves,1
3397,desk,0,doctored,1
3398,gained,0,pics,1
3399,hall,0,grieve,1
3400,craft,0,giant,1
3401,shouldnt,0,catholic,1
3402,dependent,0,atheist,1
3403,retail,0,pity,1
3404,responded,0,funerals,1
3405,spare,0,present,1
3406,champions,0,affront,1
3407,loop,0,stood,1
3408,nasty,0,solace,1
3409,engineer,0,memories,3
3410,chill,0,remembering,1
3411,savings,0,soaking,1
3412,penis,0,fictional,1
3413,blocking,0,accounts,1
3414,replies,0,varnish,1
3415,pride,0,spread,1
3416,employer,0,headphones,1
3417,butter,0,robbed,1
3418,appearance,0,returned,1
3419,responses,0,required,2
3420,crisis,0,solutions,1
3421,dreams,0,adding,1
3422,communities,0,nowhere,1
3423,treating,0,monthly,1
3424,nuts,0,recurring,1
3425,lesson,0,bill,3
3426,ridiculously,0,us,3
3427,neat,0,invoice,1
3428,blaming,0,fluctuates,1
3429,disgusting,0,depending,1
3430,unlock,0,wi,1
3431,utterly,0,fi,1
3432,pulls,0,surrogate,1
3433,pen,0,carry,1
3434,worthy,0,ntayes,1
3435,boots,0,loosen,1
3436,dan,0,indication,1
3437,loaded,0,intent,1
3438,repeatedly,0,switching,1
3439,gravity,0,seats,1
3440,category,0,brother's,2
3441,invested,0,touch,1
3442,blowing,0,card,2
3443,tour,0,copes,1
3444,river,0,unhappy,1
3445,powered,0,herselfso,1
3446,micro,0,vein,1
3447,canon,0,vain,3
3448,throws,0,mention,1
3449,listened,0,sil's,1
3450,timing,0,plays,1
3451,handled,0,mentally,1
3452,raped,0,recommend,1
3453,jumped,0,backing,1
3454,depend,0,gentle,1
3455,subjective,0,tactful,2
3456,hurting,0,unattractive,1
3457,fourth,0,degrading,1
3458,mechanic,0,attacked,1
3459,broad,0,hi,1
3460,flavor,0,insecurity,1
3461,protest,0,cow,1
3462,destiny,0,bet,1
3463,comparable,0,skipped,1
3464,officially,0,desert,1
3465,recording,0,meal,3
3466,tho,0,directed,1
3467,fails,0,fiancee,3
3468,memories,0,daythat,1
3469,beast,0,double,1
3470,repost,0,funding,1
3471,strict,0,ntahe,1
3472,unknown,0,toe,1
3473,gains,0,boyfriendpartner,1
3474,suggestions,0,binding,1
3475,landing,0,direct,2
3476,exciting,0,honorifics,1
3477,rice,0,license,2
3478,ugh,0,mustve,1
3479,delivery,0,slipped,1
3480,mentioning,0,steak,6
3481,suggests,0,lap,1
3482,fundamental,0,grab,1
3483,saturday,0,extra,1
3484,laughed,0,piss,1
3485,april,0,exemplary,1
3486,quests,0,student,1
3487,desperate,0,correctly,1
3488,drawn,0,exercise,2
3489,objectively,0,demonstrates,1
3490,rogue,0,interests,1
3491,pile,0,pursuing,1
3492,returns,0,final,1
3493,vice,0,broker,1
3494,developer,0,visitation,1
3495,feminist,0,concede,1
3496,selfish,0,utilize,1
3497,chaos,0,contrite,1
3498,letters,0,declared,1
3499,interpretation,0,groveling,1
3500,clubs,0,fulfill,1
3501,adventure,0,gap,1
3502,toilet,0,thanksgiving,1
3503,implement,0,wish,1
3504,rated,0,politics,2
3505,luke,0,seven,1
3506,chocolate,0,repeatedly,1
3507,virtually,0,offended,2
3508,snap,0,hr,3
3509,dev,0,accounting,1
3510,bird,0,paper,1
3511,apologize,0,joining,1
3512,scientists,0,join,1
3513,moderate,0,teacher,1
3514,pounds,0,plague,1
3515,cheat,0,upon,3
3516,clothing,0,generations,1
3517,whilst,0,subordinates,1
3518,surprising,0,liability,1
3519,pilot,0,familyisn't,1
3520,wrestling,0,smashed,1
3521,topics,0,protests,1
3522,creation,0,outs,1
3523,grocery,0,associated,1
3524,boston,0,assault,1
3525,discussions,0,seek,1
3526,task,0,recompense,1
3527,scheme,0,attackers,1
3528,purchased,0,injury,1
3529,loans,0,spoiled,2
3530,presumably,0,logic,1
3531,reflect,0,domestic,1
3532,alternate,0,rate,1
3533,dodge,0,pecker,1
3534,lab,0,pair,1
3535,bags,0,jumper,1
3536,pin,0,cables,1
3537,sue,0,trunk,2
3538,strikes,0,barely,2
3539,incident,0,experiment,2
3540,ideology,0,ingredients,1
3541,deeper,0,accuses,1
3542,reputation,0,petty,1
3543,copies,0,disagreement,1
3544,youve,0,performing,1
3545,interact,0,assassination,1
3546,continuing,0,cooked,1
3547,communicate,0,excited,2
3548,generate,0,righteous,1
3549,het,0,disappointment,1
3550,sooner,0,rolling,1
3551,prepare,0,fickle,1
3552,blast,0,cooking,2
3553,assets,0,posting,1
3554,makeup,0,shared,1
3555,caps,0,bites,1
3556,bloody,0,disappointed,1
3557,minimal,0,bullish,1
3558,vacation,0,pride,1
3559,sucked,0,register,1
3560,bell,0,scale,2
3561,discussed,0,measure,1
3562,als,0,opposed,1
3563,spoke,0,network,1
3564,approval,0,idiot,1
3565,rolls,0,butthurt,1
3566,trolling,0,slam,1
3567,blew,0,dunk,1
3568,delay,0,role,1
3569,incorrect,0,play,1
3570,actor,0,sexually,1
3571,generated,0,molested,1
3572,sounded,0,disinheriting,1
3573,painful,0,inheriting,1
3574,tastes,0,selfishly,1
3575,skilled,0,assumes,1
3576,opposition,0,stupiddick,1
3577,greatly,0,kick,1
3578,owns,0,oblivious,1
3579,spoiler,0,meltdown,1
3580,identical,0,anger,3
3581,admitted,0,boil,1
3582,leadership,0,straining,1
3583,ray,0,instill,1
3584,diamond,0,quantity,1
3585,contracts,0,athlete,1
3586,opportunities,0,workouts,1
3587,turkey,0,sedentary,1
3588,browser,0,guide,1
3589,legacy,0,appointment,1
3590,unrelated,0,evaluate,1
3591,forums,0,maintaining,1
3592,improvement,0,status,1
3593,bubble,0,quo,1
3594,urban,0,diet,5
3595,settle,0,photos,1
3596,openly,0,swastika,1
3597,submissions,0,remembered,1
3598,scoring,0,removal,1
3599,mask,0,covering,2
3600,voter,0,tattoo,1
3601,elections,0,covered,1
3602,intention,0,wont,1
3603,creatures,0,image,1
3604,reaching,0,fits,1
3605,soccer,0,hollow,2
3606,bat,0,vibrator,1
3607,protecting,0,bible,2
3608,burden,0,empty,1
3609,involves,0,charlatans,1
3610,sexually,0,deceive,1
3611,deciding,0,gathering,1
3612,honor,0,anticipating,1
3613,manga,0,laws,1
3614,victory,0,reckless,1
3615,applying,0,ntatwo,1
3616,inner,0,declined,1
3617,sauce,0,insisted,1
3618,resource,0,inconvenienced,1
3619,gang,0,wrongs,1
3620,monthly,0,grumbled,1
3621,importantly,0,bread,5
3622,legitimately,0,we'd,1
3623,warrior,0,claimed,1
3624,sells,0,automagic,1
3625,entertainment,0,machines,1
3626,replacing,0,allergies,1
3627,bosses,0,dairy,1
3628,origin,0,products,1
3629,qualified,0,commercial,1
3630,involving,0,bakeries,1
3631,uncle,0,included,1
3632,feminism,0,pantries,1
3633,exclusively,0,cook,2
3634,medicine,0,worry,2
3635,socially,0,cabinet,1
3636,sufficient,0,snacks,1
3637,bands,0,sight,1
3638,blocked,0,location,1
3639,battles,0,write,1
3640,woke,0,incidents,1
3641,insanely,0,task,1
3642,layer,0,instantly,1
3643,banning,0,slob,1
3644,ebay,0,cusses,1
3645,markets,0,kills,1
3646,regulations,0,dark,1
3647,ser,0,cry,1
3648,panel,0,million,1
3649,kicking,0,bucks,1
3650,mas,0,bankruptcy,1
3651,rolled,0,separating,1
3652,juice,0,splitting,1
3653,beaten,0,energy,2
3654,consensus,0,mobile,1
3655,commenting,0,grandson,1
3656,revolution,0,recognize,1
3657,libertarian,0,block,1
3658,extension,0,tone,1
3659,barrel,0,discussing,1
3660,professor,0,balls,1
3661,cared,0,sticking,1
3662,scored,0,identity,1
3663,twist,0,hair,1
3664,objects,0,appearances,1
3665,mount,0,allows,2
3666,tactics,0,tongues,1
3667,impressed,0,wag,1
3668,marry,0,concession,1
3669,cameras,0,nahdoes,1
3670,lacking,0,tossing,1
3671,stole,0,ditching,1
3672,mining,0,dumping,1
3673,commonly,0,focus,1
3674,wifi,0,romance,1
3675,experiment,0,experienced,1
3676,ops,0,eh,1
3677,surprisingly,0,largely,1
3678,foods,0,proposal,1
3679,reveal,0,sends,1
3680,approved,0,red,1
3681,emotionally,0,flag,1
3682,dates,0,complete,2
3683,lean,0,reversal,1
3684,twitch,0,cats,1
3685,shake,0,jealousy,1
3686,mediocre,0,dependent,1
3687,creature,0,unhealthy,1
3688,cod,0,whip,1
3689,guild,0,safely,1
3690,inspired,0,thumb,1
3691,johnson,0,usual,1
3692,wallet,0,mechanism,1
3693,monday,0,dodged,1
3694,reads,0,bullet,1
3695,recorded,0,sorts,1
3696,comfort,0,attached,1
3697,deliver,0,herin,1
3698,unlimited,0,proposed,1
3699,requirement,0,ntahitting,1
3700,chair,0,socially,1
3701,invite,0,awkward,1
3702,intense,0,boobs,2
3703,notion,0,moobs,1
3704,regard,0,breasts,1
3705,hatred,0,pressing,1
3706,narrow,0,implication,1
3707,encounter,0,consolation,1
3708,discount,0,miscommunication,1
3709,explore,0,misanthropic,1
3710,dear,0,motivation,1
3711,enforcement,0,attitudes,1
3712,hardest,0,walks,1
3713,seemingly,0,continues,1
3714,hiring,0,propagate,1
3715,genetic,0,decency,1
3716,senior,0,application,2
3717,allies,0,desire,3
3718,threatening,0,artificially,1
3719,stadium,0,inflating,1
3720,ear,0,ensures,1
3721,chemical,0,accurately,1
3722,troops,0,indicates,1
3723,neighborhood,0,answers,2
3724,incentive,0,submitted,2
3725,albums,0,site,1
3726,speaks,0,cheaters,1
3727,covering,0,calculations,1
3728,privacy,0,similarly,1
3729,closely,0,remarkably,1
3730,releasing,0,exams,1
3731,dealt,0,grading,1
3732,frozen,0,curve,1
3733,widely,0,ntabut,1
3734,activities,0,offering,1
3735,slide,0,opinions,1
3736,perception,0,fb,1
3737,consoles,0,grandmother's,1
3738,partially,0,passing,1
3739,motivation,0,delete,1
3740,purposes,0,ntathey,1
3741,spoilers,0,activity,1
3742,sticks,0,begged,1
3743,nights,0,ace,1
3744,rep,0,threatening,1
3745,bone,0,possessions,1
3746,shooter,0,submit,1
3747,mil,0,betrayal,1
3748,harsh,0,venom,1
3749,wings,0,almostgt,1
3750,poll,0,force,1
3751,eight,0,conversion,1
3752,atheists,0,therapy,1
3753,completed,0,churchreligion,1
3754,streets,0,poisons,1
3755,dynamic,0,toaster,1
3756,operate,0,microwave,1
3757,strip,0,appliances,1
3758,mature,0,pawn,1
3759,dialogue,0,pja,2
3760,silent,0,member,1
3761,criminals,0,tied,1
3762,theories,0,gatherings,1
3763,proves,0,dies,1
3764,marijuana,0,blowup,1
3765,halfway,0,enduring,1
3766,leaning,0,strenuous,1
3767,follows,0,contentious,1
3768,soldier,0,revenge,1
3769,ryan,0,mourning,1
3770,pathetic,0,unavailable,1
3771,slave,0,tiptoe,1
3772,vegan,0,finishes,1
3773,describing,0,grieving,2
3774,cancel,0,afterlife,1
3775,deeply,0,veil,1
3776,remote,0,greedy,1
3777,atmosphere,0,fullest,1
3778,winner,0,memory,1
3779,caring,0,according,1
3780,handling,0,slower,1
3781,saves,0,announcing,1
3782,threats,0,replacement,1
3783,session,0,ntahave,1
3784,chunk,0,holiday,2
3785,homes,0,cards,1
3786,soviet,0,receive,1
3787,convert,0,inclination,1
3788,complaint,0,side's,1
3789,conversations,0,subset,1
3790,blah,0,insistent,1
3791,championship,0,ltholidaygt,1
3792,utility,0,bob,1
3793,advocate,0,lois,1
3794,knocked,0,tops,1
3795,punish,0,gripes,1
3796,references,0,conflicts,1
3797,fiction,0,zealots,1
3798,exposure,0,venue,1
3799,brilliant,0,email,1
3800,contains,0,spoofed,1
3801,denying,0,confirming,1
3802,skins,0,cancellation,1
3803,writer,0,canceling,1
3804,july,0,elope,1
3805,queue,0,meddle,1
3806,youth,0,commissioned,1
3807,participate,0,creation,1
3808,communist,0,particulars,1
3809,morality,0,discriminate,1
3810,shiny,0,segments,1
3811,brush,0,doubting,1
3812,lists,0,shifts,1
3813,capture,0,demographic,1
3814,yelling,0,report,1
3815,sand,0,pov,1
3816,generations,0,inflicts,1
3817,feeding,0,route,1
3818,joining,0,disregard,1
3819,interaction,0,interpretations,1
3820,hammer,0,unbalancing,1
3821,rings,0,relate,1
3822,billions,0,ups,1
3823,reminded,0,downs,1
3824,firm,0,emergencies,1
3825,minded,0,meaningful,1
3826,relate,0,derailed,1
3827,profits,0,arguments,1
3828,lake,0,omitting,1
3829,awhile,0,communications,1
3830,enforce,0,ridiculous,1
3831,matt,0,imply,1
3832,serving,0,affected,3
3833,mentions,0,phobia,2
3834,logo,0,tasks,1
3835,hint,0,affects,1
3836,directed,0,stress,2
3837,historically,0,therapist,1
3838,vet,0,we'll,1
3839,clarify,0,succeed,1
3840,speakers,0,belittling,1
3841,ford,0,refundable,1
3842,concrete,0,fee,2
3843,footage,0,khour,1
3844,fighters,0,service,1
3845,superman,0,raking,1
3846,mage,0,coals,1
3847,finishing,0,participating,1
3848,attempted,0,destruction,1
3849,scope,0,presses,1
3850,agenda,0,inspect,1
3851,clever,0,ntawas,1
3852,bears,0,streets,1
3853,colour,0,emulating,1
3854,toss,0,standing,1
3855,surrounding,0,eviscerates,1
3856,controlling,0,fearful,1
3857,jungle,0,argues,1
3858,recovery,0,competes,1
3859,bow,0,silly,2
3860,branch,0,hat,1
3861,justified,0,hats,1
3862,submitting,0,ntayour,1
3863,talented,0,duties,2
3864,racing,0,wrespect,1
3865,crush,0,dmv,1
3866,closing,0,permit,1
3867,remembered,0,shopping,1
3868,peter,0,necessities,1
3869,blacks,0,burying,1
3870,nearby,0,excuses,1
3871,faced,0,uses,1
3872,beauty,0,uppity,1
3873,safer,0,apparently,1
3874,avoiding,0,cavort,1
3875,abusive,0,upkeep,1
3876,damned,0,unemployed,1
3877,realizing,0,demands,1
3878,presidential,0,uncorked,1
3879,pit,0,genie,1
3880,touched,0,method,1
3881,scores,0,babysit,1
3882,genres,0,autonomy,1
3883,denied,0,constant,1
3884,morally,0,believing,1
3885,economics,0,allergy,1
3886,wrap,0,passive,1
3887,mega,0,sabotage,1
3888,subtle,0,mitigating,1
3889,additionally,0,dishes,1
3890,lee,0,pork,1
3891,entertaining,0,fixing,1
3892,gate,0,excusable,1
3893,industrial,0,meals,1
3894,disabled,0,er,1
3895,beef,0,grandparents,2
3896,robot,0,grandchildren,1
3897,fields,0,descendants,2
3898,automated,0,keepsake,1
3899,awareness,0,wing,1
3900,tab,0,ntathe,1
3901,studying,0,yoursthe,1
3902,channels,0,emasculating,1
3903,mexican,0,humiliating,1
3904,ocean,0,meant,1
3905,spoken,0,untrustworthy,1
3906,cells,0,stabbing,1
3907,releases,0,fiance,1
3908,restrictions,0,cheater,1
3909,efforts,0,remove,1
3910,forest,0,cease,1
3911,violation,0,universe,2
3912,occur,0,directing,1
3913,habit,0,sift,1
3914,pan,0,laundry,1
3915,wheels,0,xmas,1
3916,occasional,0,eve,1
3917,holiday,0,remotely,1
3918,terribly,0,necessary,1
3919,recipe,0,dish,1
3920,productive,0,hint,1
3921,bond,0,commenting,1
3922,insulting,0,diplomatic,1
3923,temporary,0,phrasing,1
3924,politically,0,fromgt,1
3925,tony,0,lectures,1
3926,nail,0,kats,1
3927,russians,0,bananas,1
3928,permission,0,obese,1
3929,owe,0,opening,1
3930,firearms,0,gob,1
3931,arbitrary,0,lecturing,1
3932,owning,0,unasked,1
3933,alliance,0,lifestyle,1
3934,lovely,0,dysfunctional,1
3935,polls,0,granted,1
3936,fallen,0,echos,1
3937,referred,0,didntthey,1
3938,tweet,0,checked,1
3939,bob,0,re,1
3940,replying,0,gifted,1
3941,saudi,0,base,1
3942,stomach,0,news,1
3943,biological,0,rewards,1
3944,weaker,0,game,1
3945,returned,0,shortage,1
3946,june,0,inverse,1
3947,editing,0,jack,1
3948,introduce,0,nicholson,1
3949,symptoms,0,bobby,1
3950,deserved,0,darrin,1
3951,grip,0,clapton,1
3952,legend,0,ted,1
3953,buttons,0,bundy,1
3954,mentality,0,conditioned,1
3955,accuracy,0,captivity,1
3956,mechanical,0,structure,2
3957,kingdom,0,frequently,1
3958,essential,0,liberation,1
3959,spray,0,dictatorial,1
